name,score,interactions
Momofuku Las Vegas,25.641347145149098,204
HEXX kitchen + bar,16.85194591643035,136
Lotus of Siam,15.666573188885478,132
Sapporo Revolving Sushi,12.962212150692016,124
Gordon Ramsay Pub & Grill,12.777973644927615,102
Holsteins,12.272574440683506,103
SkinnyFATS,11.958860096266198,108
Black Tap,11.931775801865307,105
Yard House,11.036061905182281,98
Beauty & Essex,10.984403766069727,89
The Peppermill Restaurant & Fireside Lounge,10.752671837482556,90
Guy Fieri's Vegas Kitchen & Bar,10.114263630996014,81
Lazy Dog Restaurant & Bar,10.056521940010077,98
District One,9.938649066734204,91
Topgolf,9.614954021882536,82
Jennifer,9.175000770412403,92
SUSHISAMBA - Las Vegas,9.139499654065897,69
Joes Seafood Prime Steak & Stone Crab,8.942587445293224,74
The Oyster Bar,8.360448086681538,70
Lisa,8.08472571574712,78
Sarah,7.908450476516253,79
Sweets Raku,7.867965480571334,71
Lauren,7.618154435497667,76
Ashley,7.573607933345125,77
Bouchon,7.567633280410082,64
Jaburritos,7.537265681736853,60
Chica,7.487914370975607,68
The Palazzo Las Vegas,7.455316121753288,62
Susan,7.432683151314474,71
Carson Kitchen,7.330392813873313,68
Yama Sushi,7.0312788716584445,56
Sugar Factory,6.9262995190899685,56
Christina,6.800363016568236,65
David,6.64591808212337,67
Jessica,6.515516181079974,65
Morimoto,6.454220413770079,48
Christine,6.196213850487152,60
Flock & Fowl,5.922655906146026,54
John,5.870292319057623,56
Ocean One Bar and Grille,5.838017392218021,49
Julian Serrano Tapas,5.827083127595379,42
Mike,5.8270176398424045,58
Michael,5.786559428760087,57
Javier's,5.775656143387655,47
Bachi Burger,5.774338962623657,49
Tom's Urban,5.772439016703458,47
Firefly,5.721097618518587,50
Emily,5.597305896552029,56
Nobu,5.574058390398974,47
Melissa,5.441371999102448,54
TAO Asian Bistro,5.430510945473744,39
Sakana,5.375319978150623,49
Joe,5.3145535658698755,52
Chayo Mexican Kitchen + Tequila Bar,5.311040352094113,42
Kevin,5.271911484771407,51
Kung Fu Tea,5.261709855557887,48
Beer Park,5.1150503984112206,44
Michelle,5.063508615412777,49
Sushi Neko,5.021655479248197,49
Eureka!,4.935270856776299,52
Alex,4.892920632190273,49
Andrew,4.880855773968856,49
Rose. Rabbit. Lie,4.8768491191735395,41
Esther's Kitchen,4.86038047541883,49
Rachel,4.844924257992251,49
Eiffel Tower,4.774309633737516,41
Kitchen Table Squared,4.700347886432377,46
Cabo Wabo Cantina,4.666336580934476,38
Burger Bar,4.655455855297444,37
Zuma Las Vegas,4.552654852924173,43
Kelly,4.507735846663372,45
Tropical Smoothie Cafe,4.464303832404733,42
Park on Fremont,4.441193495906188,42
Wolfgang Puck Bar & Grill Las Vegas,4.43354576098649,42
Mary,4.423450237813034,45
Sparrow + Wolf,4.413985394083011,38
Patrick,4.379359994910126,42
Karen,4.37537900002898,38
"Ellis Island Hotel, Casino & Brewery",4.368535670755838,37
595 Craft And Kitchen,4.3667367835525175,40
Red Rock Casino Resort & Spa,4.34758918174723,40
Sake Rok,4.304322511361203,36
Margaritaville - Las Vegas,4.270995482302072,37
Bryan,4.240938939423699,42
Chris,4.219006786320193,42
VegeNation,4.207208229023644,36
Herbs & Rye,4.19922163856517,38
Bavette's Steakhouse & Bar,4.179696346593907,32
Treasure Island,4.139425305000421,35
James,4.10669981159265,37
Amanda,4.083058112616137,40
SUGARCANE Raw Bar Grill,4.063431100042393,38
Juan's Flaming Fajitas & Cantina,4.056280186327111,39
Steve,4.040266321017187,41
Amber,4.005862695283033,40
Tacos & Beer,3.9866723788305776,33
Stephanie,3.973669049610348,39
Buffalo Wild Wings,3.9615157630345528,32
Jason,3.91068806455297,38
Evel Pie,3.8979063005040957,38
Culinary Dropout,3.8844401383724705,34
Amy,3.8813552427977314,37
Toast Society,3.843218228159844,34
Brio Tuscan Grille,3.8362310468223235,37
STK Las Vegas,3.8260138560941144,34
Courtney,3.7839443345293975,36
CUT by Wolfgang Puck,3.7619764008385577,30
Jay,3.7575832245587764,36
Brian,3.7448008383814932,36
Prime,3.70349794311216,28
Kim,3.687657691603451,37
Hakkasan Nightclub,3.646152034571179,32
Daniel,3.6132900430792136,35
Sekushi Japanese Restaurant,3.5994354188196893,31
Cornish Pasty,3.595618314531805,37
Scott,3.5895914673697455,33
Cindy,3.584227463769264,36
El Dorado Cantina,3.5809472188357416,32
Diana,3.564879531382363,36
Sushi Roku,3.562758929645152,30
Nora's Italian Cuisine,3.543267821005451,34
Battista's Hole In the Wall,3.5411870913797947,27
Rí Rá Irish Pub,3.5116063438178835,32
Lori,3.4948153738135965,33
Paul,3.472148350303508,33
Jjanga Steak & Sushi,3.456305781557532,31
Robert,3.4208224564972505,34
Nicole,3.4011687262026937,32
Izakaya Go,3.395302873355895,30
Justin,3.374724681120957,33
Umiya Sushi,3.3683714979870554,27
Primrose,3.3616637569131766,29
Searsucker,3.351828393712026,32
Hofbräuhaus Las Vegas,3.3490296647472677,31
Violette's Vegan Organic Cafe & Juice Bar,3.3313381058787916,31
Olive Garden Italian Restaurant,3.296786146784682,33
Biwon Korean BBQ & Sushi Restaurant,3.292037154917183,31
Abby,3.2720215100009558,32
Tiffany,3.264654599179335,31
TIABI Coffee & Waffle Bar,3.2560770626309203,30
Bowlology,3.2451511215341906,31
Tea Lounge,3.206007101772884,29
Public School 702,3.192024441699753,33
Spago by Wolfgang Puck,3.1900601518415215,27
Heather,3.1888837726431234,31
Konbea Belt Sushi,3.1884920930139753,31
Nine Fine Irishmen,3.1791682338109575,28
Triple 7 Restaurant & Microbrewery,3.1655578952066192,23
Vanessa,3.163337655449523,30
Emeril's New Orleans Fish House,3.1456969555470318,27
Ichi Ramen House,3.1394994743629923,29
Stefany,3.139334524406211,30
Mark,3.1292882811787837,29
Crystal,3.1023198212995027,31
Steven,3.091913785220688,30
Ryan,3.0850834592330143,31
Brandon,3.0832854718050706,30
Angela,3.072479330839923,30
Rachel's Kitchen,3.0673647707567624,24
Dana,3.062778655766405,28
Oyshi Sushi,3.0464856323466627,28
PBR Rock Bar & Grill,3.040833030474805,25
Nacho Daddy,3.0234484306782354,27
Hussong's Cantina Las Vegas,3.0228362140639002,22
Andrea,3.012557202096137,28
Greens and Proteins,3.004251666107609,30
Elizabeth,2.997302985658101,28
Hearthstone Kitchen & Cellar,2.9592927745394166,30
Katie,2.9231524051931603,26
Matt,2.91193720425194,27
April,2.8852849743688056,28
El Segundo Sol,2.8787614730586513,27
Erika,2.8761666339724203,26
Chef Kennys Asian Vegan Restaurant,2.8742908820053796,29
LAVO Italian Restaurant & Lounge,2.873993345310269,27
Island Sushi & Grill,2.868686968996039,20
Dick's Last Resort,2.8007134338875024,20
Cynthia,2.7953970259297574,28
Monique,2.7952976753051018,26
Therapy,2.7880904739399326,27
Bandito Latin Kitchen & Cantina,2.7852385677220752,28
H2O Sushi & Izakaya,2.7691541164396702,23
Judy,2.7623761776786213,28
Norm,2.7608226329133476,27
Kimberly,2.750524016075645,27
The Black Sheep,2.746957228154398,28
Tony,2.717714534104258,25
Eric,2.7136944017338873,25
7th & Carson,2.7037817793788195,27
Zachary,2.7019604563937754,27
Weera Thai,2.6923425213336296,21
Sushi House Goyemon,2.687581866573713,23
Monica,2.6828439660791665,25
Jeff,2.6752354019755322,26
Donna,2.6747303263942603,25
Jen,2.665952328230857,26
Bonefish Grill,2.652472586063465,26
Annie,2.6485380566597017,25
Sushi Factory,2.6224781372984918,23
Brittany,2.6140901824016276,25
Freedom Beat,2.6128963345014102,22
Soyo Korean Barstaurant,2.6065233281331643,25
Tea Space,2.578495182995449,24
Robert Irvine's Public House,2.5726112412281537,21
Andre's Bistro & Bar,2.5693216517593216,25
Slater's 50/50,2.555667656386069,24
Kathy,2.5388307760196174,24
Sushi Koma,2.535294909080602,23
Dave,2.529197629703321,19
The Orleans Hotel & Casino,2.5249317742227686,22
The Capital Grille,2.499435096894398,22
Michael Mina Pub 1842,2.46163234524862,20
Larry,2.4491156199312947,25
Sandy,2.4476950575619556,24
Kona Grill,2.4450073860913166,22
PGA Tour Grill,2.431346527839597,22
Senor Frog's,2.410417176033077,19
House of Blues - Music Venue,2.4019378278348062,21
Dan,2.3986826051994146,21
Applebee's Grill + Bar,2.3953305169221104,22
Bahama Breeze,2.392099918592531,23
Pt's Gold,2.3900192362885706,23
Tina,2.3732302982684126,21
Oscar's Steakhouse,2.3709328654105164,22
Steff,2.3595283065491235,24
Taylor,2.358237890372049,23
TAP Sports Bar,2.3495013925169554,21
Sea Salt Sushi & Oyster,2.342812505081568,21
Masso Osteria,2.3362186152199627,23
Beerhaus,2.3355687886757406,22
J Karaoke Bar,2.334980083909228,20
Jonathan,2.3331155034185933,22
Tail and Fin,2.312335612486847,19
Yellowtail by Chef Akira Back,2.3085905901839845,16
Annemarie,2.307963426153285,20
Christy,2.3045038754310303,23
Alexandra,2.3011673587035335,22
Pier 215,2.2938643480050187,23
Maggiano's Little Italy,2.2904885677885614,21
Sushi Mon,2.2831066792526986,19
Jim,2.277242280955401,22
Benihana,2.269572113417746,17
Soho Japanese Restaurant,2.266076888598388,22
Leslie,2.2630559472404115,22
Bill,2.257235097421882,20
Chili's,2.2456592445244263,20
Blue Ribbon Brasserie - Las  Vegas,2.2332543481966063,18
Bottiglia Enoteca,2.228431005127603,22
Ondori Asian Kitchen,2.2230792448435843,19
Tom,2.2213123524054645,21
Georgette,2.217231378864428,22
Stacy,2.21689652165484,22
Libertine Social,2.213834246696813,17
Downtown Terrace,2.2104663047656916,18
Fruits and Roots,2.2082068825529797,21
Kabuto,2.1957531015420204,18
Twin Peaks,2.1952747945738595,17
Virgil's Real BBQ - Las Vegas,2.1855244002383256,19
Adam,2.1743907211200475,20
Andrea's,2.1551788466031154,18
Jacqueline,2.1513316329358356,20
Eclipse Theaters,2.1491535564296824,21
Sweet Poké,2.1485976601201724,19
Melanie,2.1300404012650342,19
Curry Hut,2.1247328928156364,20
Brad,2.1129414664557205,21
Smooth Eats,2.100997912488109,13
Danielle,2.0901263794056355,20
Off The Strip at the LINQ,2.088727011288264,19
Charles,2.0823321374445665,19
Marissa,2.0808985382201213,20
Bajamar Seafood & Tacos,2.074285940536147,19
Umami Burger -  SLS Las Vegas,2.0710574076282344,19
Walt,2.0622351781945207,17
Partage,2.061817768652938,21
Mordeo Boutique Wine Bar,2.0605472468013515,21
To See Roll,2.0526478110738196,17
Blueberry Hill Family Restaurant ,2.045613211691541,15
AquaKnox,2.0407172100858615,15
Grouchy John's Coffee,2.033861985062647,18
Hooters Casino Hotel Las Vegas,2.0331344643745566,18
TAO Nightclub,2.0185181480542633,17
Other Mama,2.0174880970529276,20
Laura,2.0171395262619747,19
Lucille's Smokehouse Bar-B-Que,2.0044226526235533,20
Loftti Cafe,2.0038243969430187,17
DW Bistro,1.9894609755273867,20
Distill - A Local Bar,1.9815339974582575,18
Alicia,1.9774152603450017,18
Julie,1.9767503577937584,18
Tom Colicchio's Heritage Steak,1.9732925322455466,17
Paradise Buffet & Cafe Restaurant,1.9716149775823963,16
Cortney,1.9713387073252189,19
Forte European Tapas Bar and Bistro,1.9570270956532305,16
Wolfgang Puck Bar & Grill Summerlin,1.9534073997305093,18
Richard,1.9426902811484703,19
Angel,1.9334652226077191,19
Denise,1.924358877077651,18
Katsuya,1.9205073743145806,17
Alyssa,1.918041981546589,18
Chuck,1.9127817275489218,19
SEA: The Thai Experience,1.9106393251159008,13
La Cave Wine and Food Hideaway,1.9077101711124138,15
Makino Sushi & Seafood Buffet,1.906056465267067,15
Rowena,1.9035727379084435,19
Q Bistro,1.9028430607487528,15
Camille,1.9003347161035313,18
Top of the World,1.8968876538609873,17
Becky,1.895959454877546,17
Kabuki Japanese Restaurant,1.892699091442308,17
Sam,1.8846260760198221,17
Sawaddee Thai Restaurant,1.8832783506137936,10
Kame Omakase,1.8806024102529946,15
Rebecca,1.87921924091652,18
Kyara Japanese Tapas,1.8778410692257754,16
McMullan's Irish Pub,1.8750455184677652,18
Koi Restaurant,1.8677116057951197,12
Janice,1.8640836281159545,17
Allison,1.8507254034962606,18
Oyster Bar,1.8471805858397268,13
Gold Spike,1.8317233451633355,15
Shannon,1.8268599252509787,17
Cadillac Mexican Kitchen & Tequila Bar,1.8254320864758693,14
Handel's Homemade Ice Cream & Yogurt,1.818859997616534,16
Blue Martini Lounge,1.8161669742249673,17
Alice,1.8156589310647884,18
Ben,1.8145194291265316,15
RA Sushi Bar Restaurant,1.8140596021345958,15
Randy,1.8013078406731033,17
Hikari,1.800777990607179,15
Priya,1.799135064812631,18
Dave & Buster's,1.798790996966721,17
Ichiza,1.7982291969154813,15
Maggiano's,1.7944019810189629,17
Los Cucos Mexican Cafe,1.7910898863157105,17
Hachi,1.7873758597358973,17
Matthew,1.7868458755299537,17
Breanna,1.7868270805718343,14
Aureole,1.777328488043661,13
Dennis,1.7707904249829334,16
Anthony,1.7554825157497185,16
Ali,1.7531414921664619,16
Selina,1.7530148349663524,16
Crab Corner,1.7434214763531706,17
Ellen,1.7418575749338405,16
Nekter Juice Bar,1.7417125524641213,17
Erin,1.738474494496032,16
Grace,1.7369012478521182,16
Vitality Bowls,1.7317031616546843,15
Gorilla Sushi,1.7232784591299737,15
Sushi Way,1.7212136142665486,16
The Still,1.718775530870807,16
Poke Poku Hawaiian Poke Bar,1.7149995976571943,17
Ramen-Ya,1.7117194356998702,11
Charlie's Bar + Grill,1.7067759789859578,14
Hakkasan Restaurant,1.7053196402109836,14
Sara,1.7041275441315948,16
Renee,1.7031413872215042,15
Ferraro's Italian Restaurant And Wine Bar,1.6978527712230007,15
Andy,1.6961227199584357,16
Le Pho Vietnamese Kitchen,1.6927558157317906,16
Anna,1.6899882102454176,16
Sushi Takashi,1.6828391523864812,13
Hyde Bellagio,1.6818481482485348,15
Hunter,1.680658474498434,14
Panevino Italian Grille,1.6804644291982593,15
Jammyland,1.6802918316337374,17
Veranda,1.6771348200446676,15
Aloha Kitchen & Bar,1.667233248476171,14
Dakota,1.6663145218411513,14
Peter,1.6647839636163473,15
Nikki,1.6623615019126425,16
Mel,1.659384200671057,16
Slice of Vegas,1.6586281164153107,14
All-American Bar & Grille,1.6467496338321117,13
Mamma Olivia,1.646635328860075,15
Rob,1.643208997715636,15
Bar Code Burger Bar,1.640956014844685,14
Picasso,1.6398301504753394,13
Rod,1.6397316804910875,16
Caroline,1.6370916002331568,15
Carlos'n Charlie's,1.6315233715826711,12
Tim,1.6292211967699457,15
Preston,1.6292145176850725,15
"Michael T's Steaks, Ribs, & Burgers",1.6254770758370225,16
Megan,1.6214664186177865,15
Ono Sushi,1.6164798883103275,16
Bailey,1.6116602632013446,16
Claim Jumper Restaurants,1.607987053990657,11
Sushi Hiro,1.6045318440052894,15
Erica,1.6037535584760612,15
Joyce,1.5996038305986298,14
Heidi,1.597333389941434,13
Madeline,1.597023909629426,15
Tamara,1.5958814314220957,15
Victoria,1.5842905492646981,15
Alexander,1.5790571409163159,14
Janis,1.5783038693759723,13
Double Helix Wine & Whiskey Lounge,1.5780153005400985,15
Bocho Sushi,1.577335984226227,13
Market Cafe Vdara,1.5768948563799374,11
Lene,1.5762875664982017,15
Krystal,1.5711342473270629,14
Jose,1.5527123592035272,14
Hussong's Cantina Boca Park,1.5522784089148707,14
Arlyn,1.5478607272763947,14
Katrina,1.5448257388369748,14
Sharon,1.5379636950698075,14
Rick's Rollin Smoke BBQ & Tavern,1.531152172298835,13
Samantha,1.525978496952212,14
Chin Chin,1.524487766614979,9
Yulia,1.5222902034519712,9
William,1.5141382443701537,14
ReBAR,1.5119404577580842,14
TGI Fridays,1.510569448155606,13
Walter,1.5063981872289631,13
Tiara,1.5038308834463132,15
Sheila,1.50251455542625,13
Mayci,1.499344109435666,15
Sammy's Beach Bar & Grill,1.4918662157802471,13
Gregg,1.4900047265242717,14
Go Vegan Cafe,1.48987563947861,12
Gerry,1.4880873512031094,14
Zara-Maria,1.4833760797532167,14
Petra,1.479821595835765,14
Tekka Bar: Handroll & Sake,1.4752334429812548,8
Spaghetty Western,1.4749392862619986,13
Marci,1.4704425523747744,12
Jasmine,1.4673353398288542,12
Casey,1.459533108270926,14
The Cuppa,1.4558770746283078,13
Kristen,1.454459455498933,13
Jenna,1.4523638193904893,13
Tamba,1.4398493889623631,4
90 Ninety Bar + Grill,1.4384077154646386,13
Regina,1.4357532495997922,13
Stan,1.4332983302721933,14
Sushi King,1.4328877869784489,11
Americana,1.4309133176324655,14
Theresa,1.4275952566475738,14
Ngoc,1.4237186776416164,13
bin 702,1.423669062218976,12
Zack,1.4203157483526634,13
Carnaval Court Bar & Grill,1.4157776845530599,8
George,1.4154241645753878,13
Michele,1.4097505283080949,11
Lyn,1.4090157180429976,13
Moko Ramen Bar,1.4084119742521453,13
Fiamma Italian Kitchen,1.4069146326747008,10
Cathy,1.405975061450659,11
Salud Mexican Bistro and Tequileria,1.4053962072684645,14
Jamie,1.4035896562158576,12
Gregory,1.3939225873276126,13
Umami,1.3872692090774912,13
Blondies Sports Bar & Grill,1.386004939328425,10
Travis,1.3842120850639241,12
"Downtown Grand Hotel & Casino, an Ascend Hotel Collection Member",1.3835107330589271,12
Jordan,1.3830062324472754,12
Pho Saigon 8,1.3802061140000697,12
Joanne,1.3794610043542577,13
Pinches Tacos,1.3728532877873,12
Sen of Japan,1.370260590327742,13
California Pizza Kitchen at Summerlin,1.3653270147546352,12
Craig,1.3623013426106747,12
Binion's Gambling Hall,1.3617359732899181,12
Danny,1.3530642237544295,12
Starboard Tack,1.3518883818890928,13
Sandra,1.3436933968511198,12
Marcos,1.3389570421510661,13
Ohjah Japanese Steakhouse Sushi & Hibachi,1.3380318013319212,10
Sushi Ya Las Vegas,1.3364703851981314,10
Natasha,1.3331299981181197,11
The Otheroom,1.3323922350701056,12
Foundation Room,1.3289625426295584,10
Carolyn,1.328420735091049,11
PKWY Tavern Flamingo,1.325704364895602,13
Marina,1.3243823345183037,13
Morton's The Steakhouse,1.32068267211774,11
Jeremy,1.3187143746931684,11
Viva Mercado's Mexican Bar & Grill,1.3181744324537272,9
Michael Mina,1.314351458092605,11
Jane,1.313909286928006,12
Josh,1.3131762156327342,12
The Smashed Pig Gastropub,1.311770637839176,11
Enita,1.3107816570222417,11
Keturah,1.3095155865842518,11
Echo,1.309067117409603,11
Jess,1.3084237084747796,12
Leticia's Mexican Cocina,1.3026639997162284,12
Vince Neil's Tatuado EAT DRINK PARTY,1.3008928462599134,11
Leah,1.3007560762860557,12
Gonzalez Y Gonzalez Restaurant,1.3004031012007249,10
Sushi Kaya,1.299892129649196,11
Gilley's,1.2998287132884128,11
Lena,1.2964469771640494,12
Klair,1.2957260239838866,12
Jenn,1.293836975434639,11
Artisan Hotel Boutique,1.29160319549548,8
Ysabel,1.2894950378955063,12
BF Sushi,1.2868978671012699,12
Kristine,1.2809484053392495,11
Lorri,1.2790785935962121,12
Prosecco Fresh Italian Kitchen,1.277954529794704,11
what's Crepe,1.276481726498245,11
Em,1.2744987231633105,9
Catherine,1.2734754699243165,11
Bj,1.2700677567741991,12
Mirit,1.2662622992564487,12
Dom DeMarco's Pizzeria & Bar,1.2654270610482266,12
Joiisey,1.2637792399210648,11
Rolly,1.2606224569086655,12
OTORO Robata Grill & Sushi,1.258538792827584,9
Kelsey,1.2567975487737417,11
Cafe Summer,1.2542029953783906,12
Tilted Kilt Pub & Eatery,1.2512912045285565,11
Ciara,1.2489309807531526,12
Johnny,1.246468968539739,11
Marché Bacchus,1.2456836910382822,11
Alexis,1.241819920622495,11
Avenue Cafe,1.2415143323155715,10
Naomi,1.2414957244807239,12
Asia Creamery,1.2370716906814685,11
Toby Keith's I Love This Bar & Grill,1.2353066928260628,11
Jaburritos Sushi Burritos,1.2341973130762924,10
Trattoria Reggiano,1.229122586010868,10
Morels French Steakhouse & Bistro,1.2282066602773611,9
Hong Kong Cafe,1.2280364515761686,9
Siegel's 1941,1.2277858958157861,10
Red Square Restaurant & Vodka Lounge,1.2273066274757611,10
Kyle,1.2259254229696537,11
Cheyenne,1.2255175761633978,11
Jessie,1.2242091784044649,11
Sabrina,1.221801714776445,11
Nina,1.2200037697867905,11
Bob Taylor's Ranch House,1.2081764288045969,9
Bailiwick,1.207691763534726,10
Gordon Biersch Brewery Restaurant,1.2014345657559091,10
Dee,1.200097895442767,10
Jones,1.199374975638495,11
Sierra,1.1973544069110904,10
Suzanne,1.1973254620857976,10
The Barrymore,1.1913861896222557,10
Ivy,1.1880427115819878,11
Nora,1.1879410396297256,10
Crazy Pita Rotisserie & Grill,1.1870433329029237,11
Easy Life Boba Tea,1.1822708665688537,10
Hope,1.1809729585743918,11
Willie,1.1809508497394654,10
Jenni,1.175580836129713,11
Lauren Ann,1.1749202244804633,11
Mary Ann,1.1745211900776755,11
Boathouse Asian Eatery Las Vegas,1.1709470710397378,11
Demetria,1.17092129877897,9
Ruth,1.1707085284240641,11
Diane,1.1705660953969075,10
KUMI by Chef Akira Back,1.166972453438407,8
Ta'Brechi,1.1659427507718787,11
Aaron,1.1611852783846421,10
Jenny,1.1597576145264534,10
Ching Ching,1.1586739775439223,11
Sawa Sushi,1.1578042288439898,8
Linda,1.1560970046024504,10
Wendy,1.1546050818214997,10
Vintner Grill,1.1545262448608586,10
Teresa,1.1543967243669393,10
Sushi Bomb,1.1495272102913638,9
Karaoke Q Studio,1.1449436079919593,11
Oliver,1.1448736892687699,10
No Regrets Bar,1.1430430214352936,11
Curry Leaf Flavors of India,1.1390508538385866,9
Fat Tuesday,1.1358247257413634,9
Tricia,1.1349185068339906,10
Corduroy,1.1284752314150044,10
Ramen Noodle,1.1268356241803819,8
Bethany,1.125134957126146,10
Morgan,1.1248406370032806,10
Alexxa's Bar,1.118356058103832,9
Brent,1.115268253216128,10
Eunice,1.1145673536613006,10
Mint Indian Bistro,1.1136181375859153,8
Keith,1.1127747953916929,10
Natalie,1.1122403642757255,10
Cristina,1.1092550759571562,10
Claim Jumper Restaurant & Saloon,1.1065415886264143,10
Olivia,1.1049517792039367,10
Meghan,1.103904711481695,10
Ganzy Karaoke,1.1032570346754549,10
Sivas Vegas,1.0990470114463908,7
Eileen,1.095747008733069,10
Philip,1.0947407560826712,10
Levon,1.0930442730403365,10
Krayvings,1.0927170800112973,10
Paymons Mediterranean Cafe & Hookah Lounge,1.0884437369120394,9
Jill,1.087622951449607,10
Vivien,1.0859185962664062,10
Jet,1.0828296418194052,10
Holly,1.0811704653679972,10
Grape Street Cafe & Wine Bar,1.0754606042967558,10
Chelsi,1.0747351178254356,10
Rice & Company,1.0747107239839215,7
Mickie Finnz,1.0725700813778696,10
Fleming's Prime Steakhouse & Wine Bar - Las Vegas,1.0713842902564576,8
Roma Deli & Restaurant,1.0661410334820192,10
Melonie,1.063540822916696,10
Adrienne,1.0580778888431752,9
Simon,1.0542503391615803,9
Madhouse Coffee,1.052394821748485,10
La Comida,1.0502042796952955,9
Nobu Las Vegas,1.0498042606921958,9
The Pub,1.0491431892633791,8
Kristy,1.0487504973541213,9
Ken,1.0484527593976782,9
Pub 365,1.0462160988715048,10
Bonsai Japanese Steak & Sushi,1.045561588322317,9
Grand Cafe,1.044355949124649,9
Grotto Ristorante,1.0405827257167348,7
Sean,1.0389038952904452,9
Lagasse's Stadium,1.037826852887504,9
Janet,1.0374044380168037,8
Pour Coffeehouse,1.0370611258655158,9
Nick,1.0358966688275935,9
Angie,1.0355939474968874,9
Poco,1.0354002212451998,9
The Kitchen at Atomic,1.0319708963007965,10
Samuel,1.031318331136535,9
YOLOS,1.0291309409602423,9
Melody,1.0290544006661553,9
FIX,1.0288207639004452,9
Ada,1.028544549085867,9
The Olive Mediterranean Grill,1.0254808538341083,8
Umezono Sushi and Japanese Grill,1.0252914541304887,10
Turmeric Flavors of India,1.0248307048271779,8
Brena,1.0247932171732872,9
Nichole,1.0238018928632995,9
Jackie,1.0217924962351004,9
Zenshin Asian Restaurant,1.0209192755197778,9
VooDoo Rooftop Nightclub & Lounge,1.018683098164247,7
Angelica,1.0181537827355767,9
Jogasaki Sushi Burrito Vegas,1.0179700761589254,9
Mezzo Bistro and Wine,1.0173833926637397,8
Carly,1.0158663124242637,9
Rock & Reilly's Las Vegas,1.0143949459967534,9
808 Sushi,1.0125372050127819,8
Zen Kitchen,1.0114142611713337,6
Hooters Restaurant,1.009795157408046,8
Sherry,1.0062251583661732,8
PKWY Tavern Tivoli,1.0039613761535224,9
Ohjah Japanese Steakhouse,1.000673954456714,6
Sushi Fever,0.999104642394414,9
Bob,0.9990962920188957,9
Eddie,0.9987812579432285,8
Sushi-ko,0.9977646981865643,6
La Salsa Cantina Mexican Fare,0.9969519862095504,7
Top of Binion's Steakhouse,0.9969068960367357,8
Peaches,0.9961946760238329,9
Blue Fin Sushi & Roll,0.9957380566845949,8
Tea Station,0.9917476367419673,9
Maggie,0.9813735782677138,8
Boteco,0.9764269789577554,9
Zaid,0.9725945989988232,8
Chelsea,0.9695501398933499,8
Crush,0.968479358646557,9
Soho Sushi Burrito,0.9671270424082493,8
Jesus,0.9661815741883383,7
Suki,0.9638341948792336,9
Hawthorn Grill,0.9625086376186046,7
La Salsa,0.9612404689154856,1
Lika,0.9612404689154856,1
Viva Café,0.9612404689154856,1
Drai's After Hours,0.9612404689154856,1
Crêpe Station,0.9612404689154856,1
Yushan,0.9612404689154856,1
Sonjay,0.9612404689154856,1
Janine,0.9612404689154856,1
Sushi Loca,0.9603363396314744,8
Buca di Beppo Italian Restaurant,0.9589400884114205,8
Cassie,0.9581483250079834,8
Kaizen Fusion Roll and Sushi,0.9554733690704056,7
Musashi Japanese Steakhouse,0.9549005783060398,9
Niki,0.9540859700250268,8
Enoch,0.9517299649862391,9
Hector,0.9517228324091691,8
Jasmine,0.9499701405054186,6
Gary,0.9499348916339571,7
Cecilia,0.9498603630167805,8
Stella,0.9486844348598293,7
Pokeman,0.9469917232280368,6
Nancy,0.9446207166518069,8
Chad,0.9432792984808839,8
Anita,0.9422879179045675,8
"Cleaver -  Butchered Meats, Seafood & Cocktails",0.9395351022860718,8
Nadine,0.9388667876065475,6
Yoshi Burritos,0.9357651233898986,8
Yvonne,0.9356331448510661,8
Sasa Sushi,0.933076928285524,7
Bianca,0.9320268523556492,8
Ploi,0.9319365833568293,8
Miller's Ale House - Las Vegas,0.9290583264611507,7
Ella,0.9266721121255628,8
Gina,0.925971817717034,7
Nkwachukwu,0.9230489162958492,8
Sushi 21,0.9197764995175947,7
Lei,0.916873775409313,8
Katherine,0.9151936082743828,8
Bronze Cafe at The Market,0.9132299539598805,7
Japaneiro,0.9124531718741552,8
Jake & Eli,0.9011523033263725,5
Neil,0.9004577915593195,8
Lydia,0.9003859599846228,8
Teri,0.8986985366913471,8
Joy,0.8985911570764188,7
Trixie,0.8957218549665656,7
Juan,0.8951957463756586,7
Vicky,0.8950822530249888,8
Zest - Bistro & Bar,0.8921655046742655,6
Maurice,0.8917477850430582,7
TENDER Steakhouse,0.8916384893124013,6
Azuza Hookah Lounge & Cafe,0.8900051162430003,6
Corner Market Buffet,0.88855144822332,6
Social Life Pizza,0.8879555578818545,5
Jeric,0.8841303609546256,8
Sushi Twister,0.8822481312236153,7
Kate,0.8775498925067285,7
La Bella Napoli Pizzeria,0.8740824406572504,8
Tiki Di Amore,0.8737084235533941,8
Krista,0.8726423919445988,7
Cheryl,0.8716482523718985,5
Gary FX,0.8700212461184286,8
Buffet At Asia,0.8691513002621589,7
The Rockhouse,0.8687453246325638,7
Ohjah Japanese Steakhouse Sushi & Hibachi Flamingo,0.8677236459147966,7
Loren,0.8676615829094332,7
Pilar,0.8647838546275634,8
Brooke,0.8635120496887975,7
Zoe,0.8633416864958398,7
Vincent,0.8620624756626494,7
Ana,0.8570946337451458,7
Kat,0.8569251464956317,7
Verlaine,0.856543694884779,7
Amit,0.8550708028518729,6
Liz,0.8535635881189175,7
Aseem,0.8526403035596406,7
Troi,0.8500552179288563,7
Veronica,0.8486050103963548,7
Greg,0.8485775655098358,7
Dawn,0.846092898419992,7
Glenn,0.8454202271984803,7
Juicy Beets,0.8434332670887741,6
Mayito,0.8380672029565194,7
Yummy Grill & Sushi,0.8378757213405409,7
Doriee,0.8376977781962687,6
Lea,0.837183908635644,7
Blair,0.8370429193112578,7
Laurie,0.8327940926689126,7
Thomas,0.8305313415290866,7
Tequila Taqueria,0.829207115161052,7
Rick,0.8290083171059588,7
Cody,0.8280478285238975,7
Big Dog's Draft House,0.8261287975374745,7
Sprouts Farmers Market,0.8259863888419002,7
Grabbagreen Food & Juice,0.8227239123178077,7
Jackson,0.8207264999252823,7
AllYson,0.8196494853040636,5
Tito,0.8190991625480843,2
Real Donuts,0.8180974232445998,6
Rio,0.8179564395070644,7
Sushi Hiroyoshi Japanese Cuisine,0.8178014432607462,7
Jefferson,0.8177860150466452,7
Hamburger Mary's,0.8175983096778259,7
RED Sushi,0.8168474360725794,6
Grecia,0.8132246159793092,7
Tyler,0.8127051319260378,7
Mickel,0.8086872255477959,7
Rebel Republic,0.8082398702495495,6
Francesco,0.806875085205595,7
Joel,0.8063836371920481,7
Salma,0.8062436842002597,6
McFadden's Restaurant and Saloon,0.8059596153883491,7
Briana,0.8040715607910723,7
Lora,0.8036582758146749,7
Kris,0.8026914364039327,7
Huy,0.8016632505967413,7
Cafe Moda,0.7997135606264586,7
Shucks Tavern & Oyster Bar,0.7989785375489197,6
Lia,0.7985158166305829,6
Tierney,0.7955774390219953,7
Cj,0.7952435352106528,5
Derek,0.793221860997343,7
Latoya,0.7916248603384654,7
Hi Scores - Blue Diamond,0.7904455633718891,7
Jenna-Lynn,0.7900641892156598,7
Alain,0.7898904513999605,7
Mr Sandwich,0.7895209166641146,6
Jeannie,0.7890873591987377,6
b.B.d.’s,0.7885717688797479,7
JoAnn,0.7878293308102686,6
Carla,0.787619042173998,6
Carmel,0.7870754933230903,7
Jon,0.7864315100326315,6
Colton,0.7853911526261913,7
Robin,0.7798786955138962,6
Aces & Ales,0.7780624143287489,7
Hannah,0.7769756246153856,6
Kirsten,0.7748619238682669,6
Brett,0.7738774846912997,6
Corabelle,0.7732130336522279,7
Sushi Cruise,0.7704499176599302,6
Lyla,0.7677388349364966,6
Christopher,0.7669100464415811,6
Sierra Gold,0.7654852306730805,7
Isabel,0.764745459907864,6
Camelot Steakhouse,0.7637345898492224,6
Cassandra,0.7635230376241348,6
Tea Way Plus,0.7631729466193169,6
Lindsay,0.7631310560392767,6
Anne,0.7628813251027431,6
Wink,0.7624894173361826,6
Jodi,0.7622476051150843,6
Brasa Roja,0.760863667078804,4
Jean,0.7594909112223965,6
Cecille,0.759347793430907,6
Kaitlyn,0.7578437105360472,6
Daisho Sushi,0.7575473731706037,6
Rachael,0.7574271881068646,5
Marites,0.7574205518481775,6
Ramsey,0.7572974764375222,6
Daphne,0.7567579762675394,5
Eiprheel,0.7556107940073129,6
Tawni,0.7554103368496455,6
Kathleen,0.7551931057000539,6
Lucy Ethiopian Restaurant & Bar,0.7546074551790413,6
Ray,0.7545078955310076,6
Madya,0.7541042825040133,6
Ocha Thai Cuisine,0.7536049402349743,6
Valerie,0.7527442072884297,6
Bacon Bar,0.7513221070578731,6
Devin,0.7501468030630075,6
Dianna,0.7499819173130555,6
Blue Sea Sushi and Izakaya,0.7494340188514561,6
Carol,0.7488778464727857,6
Esther,0.7485891023218931,6
Izanami,0.7478192630087215,6
Casa Robles,0.7471543737458418,5
Ann,0.7469270110722919,6
Ian,0.74484916109199,6
Riley,0.7444192900452734,6
Hooters,0.7441902338726705,6
Addy,0.7430872890106349,6
Moses,0.7424462780717673,6
Kay,0.7412778998691176,6
TD,0.7403756027467834,6
Tammy,0.7402668746233031,6
Mandy,0.7398622338225126,6
Yumi,0.7392561302249144,6
Bonnie Springs Restaurant,0.7392111768081492,6
Margaret Grace,0.7385790817981023,6
Chan,0.7369701276709553,6
Lily,0.736352061222629,6
Vince,0.7356505797463155,6
Jade,0.7346568312157887,6
Sophia,0.7344076361950511,6
Jhordan,0.7343693811802593,6
Gracie,0.7321151443552881,6
Sasha,0.7320227836840072,6
Stacey,0.7310195119078263,6
Maninderpal,0.7301418861733618,6
Corrina,0.7266365626353326,6
Drew,0.7246095006864463,5
LuLu,0.724492187254836,5
Joeisha,0.7237582988116124,6
Carnita,0.7204041175139252,6
Yin,0.7197071434281368,6
Alison,0.7188514981643885,6
Ichabod's Lounge,0.7177867258492275,6
Robyn,0.7177782399067225,4
Elation Pool,0.7161107463942664,2
Tommy,0.7149305098999105,6
Good Fella Korean Bistro,0.7147020600887163,6
Adriana,0.7115198914548708,6
Chophouse & Brewery,0.7109464174923434,5
Alan,0.710104661746939,5
Strip View Cafe,0.7078800159094011,6
Myron,0.7077798431104936,6
Shun,0.7046140193694761,6
Swish,0.7045327232852389,6
The Phoenix Bar & Lounge,0.7028011303364042,4
Emeri,0.7006840360797624,6
Nelson,0.6993362098510343,5
Sim,0.6988938830493082,6
Prime Rib Loft,0.6981581566302435,6
T-Bones Chophouse,0.6956000268180729,5
Caitlin,0.6942975130137469,6
The Protein Source,0.6934124319695496,5
Edith,0.6908151496052707,5
Alder & Birch,0.6901669232906829,4
PT's Gold,0.6899982551162834,6
Winchell's Pub & Grill,0.6898859868129158,6
O-my Sushi,0.6868920343086675,6
Lynette,0.6845260157396513,5
Bradd,0.6829234445202814,5
Sushiro,0.6826115039335829,5
Marcia,0.6824806766825776,4
Kaiseki Yuzu,0.6818797328090038,6
Kylee,0.6795646616095763,6
Cass,0.6765429341141532,4
Memphis Championship Barbecue,0.6763223393523417,4
Sunil,0.6751148392486771,5
Blake,0.6749513933949122,5
Lacey,0.674777798560194,5
Sushi Hero,0.6742254366633355,6
Rose,0.673637280201667,5
Lynn,0.6724680977819143,5
Petrossian Bar,0.6719927396581329,5
Alexa-Ferl,0.6707021346008887,5
Sanaz,0.670561924636186,4
Rita,0.6704950395247068,5
Osaka Summerlin,0.6699386827156251,5
Charlie,0.6697687861083305,5
Cameron,0.6696056260673464,3
Doug,0.6693360037339762,5
Felicia,0.6683619259516598,5
Shizen Japanese Restaurant,0.6682597389850806,4
Carrie,0.6659037784035964,5
Minh,0.6656857038011278,5
Maria's Mexican Restaurant & Bakery,0.6654526221338879,3
Elaine,0.6644519738183686,5
Joanna,0.6632341849716393,5
Sherri,0.6593011568901708,5
Hennessey's Tavern,0.6589535889799156,5
Ace,0.6580459694429577,4
Summer,0.6578013041755767,5
Lillian Faye,0.6572492626991165,5
"Ninja Teriyaki, Sushi & Noodle",0.6563742099117746,5
Leanne,0.6558460643530946,5
Sumo Sushi 2,0.6545588399092481,4
Kristin,0.6520695620408073,5
Aimee,0.6518925775857101,5
Mimi,0.6518711497219307,5
Shirley,0.6516970294397417,5
Cuba Cafe,0.651416252305121,5
Ayesha,0.6490072586603074,5
Pineapple Park,0.6487248016660845,5
Brigid,0.6486826841831906,5
Ivan,0.6480720795453131,5
Brooksy's Bar & Grill,0.6478582823556936,5
Kaci,0.6477532242808255,5
Marc,0.647539908131502,5
Four Kegs Sports Bar,0.6461882270277086,3
Sue,0.6447871792592432,5
Alexa,0.6426296612992066,5
Elleyne,0.6425803738503137,5
Hon,0.6415937155307327,3
Connie,0.6413890223728002,5
Diron,0.6413458937146559,5
Jessa,0.6395888906892894,5
Gretchen,0.6395647901545878,3
Larraine,0.6392929803655871,5
Priscilla,0.6380121144878642,5
Russ,0.6372512731752848,4
Lindsey,0.6366737759740894,5
Florida Cafe Cuban Bar & Grill,0.6366001590377677,4
Bella Notte Italian Bistro,0.6361870073047249,5
Tovan,0.6332902994277338,5
Todd,0.6330866291806323,5
Frederick,0.6330814472747079,5
Luisa,0.632972827673603,5
Loreal,0.6322562241304547,5
Krysty,0.6303572084541663,3
Kabob Korner,0.630132863213965,3
Maria,0.6295222722669054,5
Bacong,0.6280817312144116,5
Rayshawn,0.6274179145716674,5
Kari,0.6264707214250089,5
Henry,0.6263140605222188,5
Betty,0.6259539419061585,5
Luis,0.6259081717254369,5
Mikaela,0.6255862660610779,4
Shila,0.6250348903311551,5
Supatra,0.6249479393527038,5
Helen,0.6245069115781225,5
Dyanna,0.6237821124602624,5
Candice,0.6233230544048383,5
Johnny Vegas Grill,0.62188430955425,5
Naked Fish's Sushi & Grill,0.6216261423325644,5
Rodney,0.6214828148170575,5
M-Lin,0.62085325069647,5
Kathryn,0.620808489023275,4
Village Pub & Grill,0.6207864122573578,5
Grape Vine Cafe,0.6206485655510786,5
Ramona,0.61958738151125,4
Maza Mediterranean & Turkish Grill,0.6191430236317722,5
Becca,0.6185230885128553,5
Shelly,0.6181985672358586,5
Jhunelyn,0.6171183017279591,5
Dustin,0.6162813728915818,5
Arata Sushi & Bowl,0.6144632408714312,5
Anna Marie's Italian Cuisine,0.6133107293187218,5
Nevada Taste Site,0.6129217716581163,5
Tasty Crepes,0.6118575751820466,5
Ronald,0.6101089780258943,4
Kayee,0.6092857109469436,5
Martha,0.6080561332409481,2
Nancie,0.6077129878039369,5
Staci,0.6071528228347347,3
Layla Grill & Hookah,0.605430633391427,5
Tara,0.6025621741888867,5
Racheal,0.6024057924805988,4
Gianna,0.6002534581483245,4
Tabitha,0.599865858188402,4
Karl,0.5985283866414183,5
Mingo Kitchen & Lounge,0.5972654740106935,5
The Charcoal Room,0.595386923183043,5
Jake,0.5945339733985866,4
Yesenia,0.5938331253449795,4
Smaly,0.5928933127630361,4
Lawrence,0.5922244188276048,4
Cafe No Fur,0.5920009255290201,5
Kye,0.5917976015008851,4
Juice Press,0.5905290190612098,4
Charmaine,0.5904961378185557,4
La Papaya,0.5893067246612521,4
Mindy,0.5888068616272172,4
Allie,0.5880096192165318,4
Roselle,0.5869612807915735,5
Hon Pocha,0.5867574104124649,5
Jerry,0.586514757540152,4
Joey's Tavern,0.5851425966324426,2
Agnes,0.5849553361551968,5
Baja Bar & Grill,0.5837949402152078,4
Shirlana,0.5835113039257918,4
Fleming's Prime Steakhouse & Wine Bar,0.5823123676780575,4
Rocky's Bar and Grill,0.579435913348926,2
Dairy Queen,0.579181022682363,4
Bonsai Sushi Burrito,0.576198293210706,4
Rip,0.5754164844059274,4
Jazz,0.5750090273597451,4
Tessa,0.5740279972519731,4
Elayna,0.5733569051530911,4
Tatiana,0.5729922995442719,4
Alysse,0.5723057222964089,4
Lulu,0.5722772968072253,4
Kenny,0.5722417464606531,4
Majes,0.5704910686072903,4
Terri,0.5701552753474237,4
Antoine,0.5697725970860624,4
Stephannie,0.5690405826839042,4
Abrianna,0.5689620772332878,4
Tara Desiree,0.5686121153657804,4
The Bar @ Las Vegas Blvd & Wigwam,0.5685712425089804,4
Shantel,0.5679358987107856,4
Sin City Sushi,0.5678302560373483,4
Ariana,0.5675457278493514,4
Aubrey,0.5651021160641102,4
Dominique,0.5647903460415672,4
Karla,0.5640533883792028,4
Fiesta Mexicana Las Vegas,0.5637354234061047,4
Public House,0.562637699169735,4
Tania,0.5619016923380857,3
Patty,0.5617632664722675,4
An,0.5615202507622313,4
MJ,0.5609074375774916,4
Islands Restaurant,0.5601614047436989,4
Kristi,0.5578727188636388,4
Juliana,0.5572873993216948,4
Waffelato,0.5572616643726466,4
Yeonhwa,0.5555744516487027,4
Rainier,0.5555232006943296,4
Noel,0.5550166146061017,4
Winston,0.5541137825612801,4
Tram,0.5538633198248232,4
Kristina,0.5531797357118998,4
Rahul,0.5531312044943292,4
Jules,0.5524197840796893,4
CiCi,0.5519910980357484,4
Paula,0.5514168407765396,4
Village Pub & Poker,0.5514000873591336,4
Sushi Wabi,0.5512597795349057,4
Viri,0.5507836696082747,4
Eliza,0.5505539473248909,4
Flynn,0.5503185997672271,4
A. Leona,0.5503080543497492,4
Steph,0.5497968226243879,4
Cool Bar,0.5488561241124106,4
Allyson,0.5487459951029315,4
Don,0.5484305251818221,4
Nanette,0.5460178183896889,4
Attosa,0.5457525674141336,4
Deborah,0.545297117600154,4
Chrissy,0.5442190398908955,4
Larissa,0.5440400828404479,3
Mirela,0.5438573788354579,4
Terry,0.543785471821029,4
Narine,0.5429224162290618,4
Elle,0.5422550557324771,4
Brightside Breakfast & Burgers,0.5419367302708722,4
Linh,0.5407479491487395,4
Phi,0.5405134296215952,4
Katy,0.5391934589646489,4
Royal Indian Bistro,0.5391239744580034,4
Stephy,0.5378952686136207,4
Pam,0.5377292294817528,4
Autumn,0.5369232155502549,4
Cheba Hut - Durango,0.536496352081438,4
Trisdon,0.5364680682265763,4
Mayssa,0.5361736013439222,4
Rodrigo,0.5358848231678526,4
Maruko,0.5358841373667483,4
Ruben,0.5352085432954988,4
Noc,0.5345384534154403,4
Rye,0.5333459257514964,4
Colleen,0.5322004351051757,4
Raina,0.5318999393035936,4
Margie,0.5305238541037801,3
Pressed For Juice,0.5303234831811547,4
Mi,0.5302334271224542,4
Giuseppes Bar & Grille Las Vegas,0.530165333725419,4
Krystle,0.5300267035488301,4
Branton,0.5294930100425904,4
Wil,0.5293526447156066,4
Duri,0.5293107095369777,4
Cari,0.528655439791538,4
Misty,0.5284978437114858,4
Miriam,0.5280310121251279,4
Juanitakim,0.5275677995947574,4
Phil's Italian Steak House,0.5272024269718404,3
Alma,0.5266470183738126,4
Marlon,0.5257282630716035,4
ProteinHouse,0.525626104191784,4
Super Sushi,0.5248366567056832,4
WingNutz,0.5247741451749847,4
Sushi Burrito Bowl,0.5245867187632699,3
Shert,0.5244655178698444,4
Benny's Smokin BBQ and Brews,0.5242449047101637,4
Daniel Dong-Kyu,0.5238413424974816,4
Linzy,0.5235466575561903,4
Urian,0.5216309905573867,4
Ted,0.5209458621565013,4
Tiffiny,0.5205238429011363,4
Monina,0.5204898485430253,4
Divine Cafe at the Springs Preserve,0.5202738582300899,3
Susanna,0.5199006818832734,3
Krazy Sushi,0.5195541927217554,4
Kelsi,0.5193897942774133,4
Hokkaido Teppanyaki Steak House,0.5191003415324212,4
Jozelle,0.5189338398033305,4
Tia,0.517554063171632,4
Paymon's Mediterranean Cafe & Lounge,0.516272930359763,4
Harris,0.514118248288976,4
Kori,0.512775555671494,4
Evan,0.5127288628951381,4
Jocelyn,0.5118538263415839,4
Kirk,0.5111050580875789,3
Nat,0.511084426234765,3
See,0.510880465077359,4
Sheri,0.5102610565673518,3
Playa Papagayos,0.5097091350024262,4
Tracy,0.5094957397357832,4
John Cutter,0.5089736284844234,4
Brando's Sportsbar,0.5089558649780078,4
Shon,0.5086930701476043,3
Austin,0.5081272752771876,4
Saudizareth,0.5078833605170329,3
SG Bar,0.5076886252817269,4
PT's,0.5068193890382431,4
Lucky Streak at LAS,0.5066374956894107,3
Chantalle,0.5044467216102801,4
Jemia,0.5038229396442618,4
Culichi Town,0.5037218026625387,4
Lexi,0.5032328658989776,3
Marie Ann,0.5007281865319694,3
SkyJump Las Vegas,0.500609340744534,2
Tiffanie,0.5005162499935385,3
Gil,0.49882066455202195,4
Margaritaville Casino,0.4978681443580419,3
Mosiah,0.49775219268844934,2
The Tavern,0.49742600844893353,1
Cheyne,0.4973781536910587,3
King,0.4970280519175877,3
Jeni,0.49673691318675145,3
Freddy,0.49626694366281393,4
Mizuya,0.4948106457095167,3
Sporting Life Bar,0.4934732321685749,3
The Den LV,0.4904866930765004,3
Sib,0.4865182546584424,3
Herman,0.4860594317578048,3
Dylan,0.4841893929594559,3
La Mojarra Loca Grill,0.48412727414058754,2
Marjorie,0.4836531446187176,3
Vina,0.48329844029948105,3
Roy,0.48263967821741494,3
Alexandria,0.4819721231590829,3
Mason,0.48089217828952613,3
Shivali,0.47979525410819135,3
Jahana,0.47949067681929375,3
Nathan,0.47860675304507877,3
Josephine,0.47742145496671207,3
Elisha,0.4773363498519778,3
The Lodge Cactus,0.4760646882230703,3
Shayna,0.4754337045275659,3
Jan,0.4753126992693937,3
Ming,0.4741912049043286,3
Mica,0.4734693427572701,2
gary,0.4732240913619262,3
Jared,0.4723464391746753,3
Doris,0.47117279412265145,3
Emma,0.47115589437261995,3
Francine,0.47108220675073714,3
Marco,0.4708962391950117,3
Lee,0.4705386055545256,3
Kara,0.46966750151737624,3
Kanchan,0.46958570663609733,3
Alejandra,0.4694023148036071,3
Vicki,0.4692928345629774,3
Cyn,0.46901793365343325,3
Gigi,0.4689732777480733,3
Merisenda,0.4685341389273921,3
SC Prime Steakhouse & Bar,0.4683696473785566,3
Lotti,0.46722163478397066,3
Letty,0.46687249453407004,3
Claire,0.4653726771057043,3
Maureen,0.465251618993986,3
Timothy,0.46503470351392456,3
Clara,0.46404135053858414,3
Hong,0.4639965119531893,3
Candy,0.4638617574362385,3
Tristan,0.46322787267379617,3
Kenneth,0.4631469821340929,3
Sarina,0.46291298877300746,3
Miranda,0.4627573677020355,3
Bradley,0.4625549667733296,3
Callie,0.4624030353848506,3
Shelley,0.4618140823140722,3
Ron,0.4617629411779329,3
Marie,0.4613682505947217,3
Jana,0.46117031842776185,3
Lowey,0.4604388245853351,3
Garen,0.46032379739963153,3
Rosa,0.4599266682727439,3
Veraly,0.45948071705145227,3
Mariah,0.45927788168937034,3
Ariel,0.45859260671970403,3
Hemanth,0.4583362398068904,3
Betsy,0.45806532334220534,3
Moon Doggies,0.4579425042192439,3
Jo,0.45772754587478126,3
Eilana,0.45768712707868126,3
Nadav,0.4575613148043982,3
Allen,0.4571358629986943,3
Clay,0.4569545132851721,3
Steffi,0.45620869664115654,3
Darrell,0.45609632007466616,3
Risha,0.45603892207208757,3
Enjella,0.45563635873531966,3
Kurtis,0.4555266350211578,3
Darnell,0.4554570217954616,3
Isabella,0.45496483643830155,3
Patti,0.45484070239154895,3
Shamir,0.45441262066230337,1
Diplekha,0.45441262066230337,1
Vikas,0.45441262066230337,1
Edgar,0.4543377971920736,3
Saleen,0.45418902751569257,3
Sang,0.4539562865170658,3
Morris,0.4532999499006663,3
Linette,0.453154905289564,1
Eli,0.453071942817396,3
Leema,0.45293468681592775,3
Sushi Tower & Steakhouse,0.4520877412593229,3
Krasti,0.4520308136337898,3
Jin,0.4515800092061908,3
Adrien,0.45126213919837055,3
Shane,0.4509210699572992,3
Tami,0.45058525867686416,3
Shemeka,0.45043050421467934,3
Myra,0.45040871409793765,3
Jeannette,0.45036014438497907,3
Jerusalem Mediterranean Chef's Table,0.4501909119225087,3
Arica,0.4497152359069542,2
Warren,0.449528567499241,3
Libby,0.44941068997775885,3
Brock,0.4493930541910629,3
Irene,0.44902594079887576,3
Pete,0.4489729884016486,3
Anise Tapas & Grill,0.44889301075946203,3
Ida,0.44888894571655996,3
Isaiah,0.4488721376095047,3
Ric,0.44827910443989205,3
Lance,0.44784587129090675,3
Jeffrey,0.44778829690788124,3
Gabe,0.4473799552104654,3
Marisa,0.44690181591005135,3
Christian,0.4465962258966067,3
Hillary,0.44641260214791656,3
Nicollette,0.44614695051042225,3
Kareem,0.4459886206249044,3
Curtis,0.4457090901852335,3
JD,0.4450884153767779,3
The Juice Standard,0.4448143142132915,3
Noesh,0.4445727454281595,3
Haley,0.44441639373418335,3
Phillip,0.44429348077448605,3
Desiree,0.4442212909814846,3
Livi,0.4440018582173175,3
C. Dyan,0.4439067320204456,3
Pamela,0.4432817240907228,3
Tifanie,0.443104590716645,3
Lucy,0.44291181605081725,3
Sammuel,0.44273952889177504,3
Sonya,0.4426644612467869,3
Kiva,0.4425766527198459,3
Phil,0.44220975577869853,3
Mylinh,0.44213578522657265,3
Lisdey,0.44193035496347177,3
Victor,0.4418096584122505,3
Sonia,0.4410076959357831,3
Geeta,0.4409914085662519,3
Ilia,0.44099002499946705,3
Miles,0.4407384754147476,3
Sylvia,0.44072073968437464,3
Addie,0.44060228408976115,3
Ly,0.4404151521758483,3
Rae,0.44017556887831333,3
Khoi,0.4399716311772577,3
Lore,0.43994895719379107,3
Malu,0.4394698148558074,3
Naka Sushi,0.43908693982679503,2
Pauline,0.43859088030743687,3
Vic,0.4375273851787632,3
Alisa,0.4367574198193857,3
Juddi,0.4366002636568811,3
Marisela,0.43633573302334744,3
Lorraine,0.43623751862915594,2
Jennica,0.4354958319409538,3
Elyzabeth,0.43539749168698405,3
Mina,0.43517607474017395,3
Casanova,0.4347667871872294,2
Blue Ox Central,0.43439354167678496,3
Vivian,0.43423604837723206,3
Eva,0.43403044276644,3
Citrus at the Downtown Grand Pool Deck,0.4338507670592422,3
Malena's Yogurt Plus,0.43381302701568386,2
Sarlyn,0.4336191878290582,3
Yu,0.43349648342809394,3
Arshad,0.43340884679203884,2
Lovey,0.43340527045949767,3
Francis,0.43340523047047314,3
Joshua,0.43332355158106606,3
Crown & Anchor British Pub,0.433129886382951,2
Carlos,0.43253865357104954,3
Adrian,0.43238968368477015,3
Sagos Baja Tavern & Lounge,0.4323399480459258,3
Irena,0.43223116541851236,3
The Lobby Bar,0.4319547163877974,2
Kobe Sushi Bar,0.43189514806590396,3
Elina,0.4317079204997199,3
Opal,0.431641778494103,3
Shar,0.43119085114841027,3
Joni,0.4310377686240626,3
Pt's Pub,0.4307518424583538,3
Steiner's A Nevada Style Pub,0.4302642665845575,3
Lissa,0.42962540360076296,3
Noelle,0.4294559354216716,2
Sophie,0.42869903955728716,3
Patricia,0.4284920417202571,2
Tiffani,0.4284397568817457,3
Shantelle,0.42772018238199555,3
Di,0.42767550683235156,3
Jack,0.42738248876806606,3
Komatsu,0.4267584438441325,3
Abril,0.42657064498046693,3
Tana,0.42565589767716067,3
Ryen,0.4254481646674914,3
Kyrsten,0.42515401761299704,3
Jassmynn,0.4250662406009979,3
Bryson,0.4243286586812943,3
Flowing Tide Pub 6,0.42430226369310786,3
Precious,0.4240578869466166,3
Casa Don Juan  - Summerlin,0.4238894744256727,3
Leona,0.4216911594159373,3
Franklin,0.4215218606830492,3
Priscila,0.4214691332829579,3
Soleil,0.41934937424336516,3
Jimmy,0.41785761446729935,3
Julianne,0.41759529481766666,3
Gene,0.417574818234979,3
PT's Ranch,0.4172063864739444,3
Stephano's Greek & Mediterranean Grill,0.4164312231278866,3
The Martini,0.41573629459259787,3
Sarama,0.4154751755424531,3
Luna Lounge,0.4150356143237059,3
Jacob,0.41418653764147684,2
Little Rainbow Café,0.4139338143805472,3
Gabriel,0.4121500117951002,2
Marika,0.41066682144884115,3
Yui Edomae Sushi,0.41043615166666203,3
Anahita,0.40933737217027283,3
Graciela,0.4084242046215256,2
Till's Bar,0.4080275102401912,1
O'Aces Bar & Grill,0.4061514735833349,2
Jodie,0.40603326958233754,2
Janette,0.4058550484157342,2
Giovanna,0.4039584715284183,2
Fresh Sub,0.4010662420008936,2
Bells,0.4009239620975729,2
Green Leaf's & Bananas,0.39854017861694124,2
Demi,0.39683791406396945,2
Sharnei,0.39513887340698284,1
Arnel,0.3919966607855812,2
Joseph,0.3886423533429311,2
Tish,0.3875410107258253,2
Wade,0.3869419446552659,2
Aura,0.38538211982793613,2
Shellee,0.3849480729090463,2
Milton,0.3849160992734937,2
Fen,0.3843647362391905,2
Ninja Teriyaki - Sushi 2 Go,0.38334688423803165,2
The Angry Butcher,0.3830379492380729,2
Ashleigh,0.38242456470116826,2
Anatoli,0.381541087009844,2
Moshe,0.38109393515083356,2
Eugenia,0.3799837161409038,2
Kel,0.37972489460323033,2
Asheley,0.379539150385484,2
Jaclyn,0.3794129489267514,2
Jordenne,0.3790498973633951,2
Kyrah,0.37785105395935425,2
Debbie,0.37733969444497983,2
KJ,0.37599025424607146,2
Ruby Tuesday,0.3758691548701138,2
Karlee,0.375056392788774,2
Sing,0.3749133812372376,2
Josie,0.37491130548848944,2
Benedict,0.37476664276216193,2
Barbara,0.3741287321310854,2
Justine,0.37373552013771266,2
Whitney,0.3731690716180318,2
Jacq,0.37252933672667254,2
Bonnie,0.3722684803588067,2
Royal Britannia Gastro Pub,0.371956228318749,2
Neha,0.37144325507257536,2
Osaka Japanese Bistro,0.37137501693757313,2
D'Arcy,0.3712884886009686,2
Gustavo A.,0.37122308873657245,2
Daddy's Delights,0.3709230392375629,2
Charly,0.3708894720589129,2
Brianne,0.3702887722892403,2
Tyna,0.37014371155601283,2
Toni,0.3698175149887558,2
Kiyah,0.36943640169653763,2
Destinie,0.3693465418118246,2
daniel,0.3691136587681779,2
Douglas,0.36911203673215126,2
Harmony,0.36867377409493834,2
Minerva,0.3686660429989528,2
Meg,0.36823891218344373,2
Kimmy,0.3676702138422034,2
Omar,0.3672082421445028,2
Keisha,0.36712689918175145,2
Ash N,0.3670281855755398,2
Timbers - Novat,0.3666285090538742,2
Phoenix,0.36567415085334865,2
Demond,0.36544323404496426,2
Evette,0.3649665450142946,2
Pt's Place,0.36415658351714153,2
Lucia,0.3640169439729455,2
Cassia,0.3639994905624868,2
"Ringer Wings, Pizza & Sliders",0.3639434350322447,2
Surabhi,0.36388833525817393,2
Louie,0.36383563250848205,2
Collette,0.3636921815557361,2
Ghost Donkey,0.36364732764936397,2
Shayla,0.36353993401482687,2
Tulsi,0.3634890297341872,2
Belinda,0.36303786038495367,2
Ali Baba Cuisine,0.3629901938938672,2
Judith,0.3619622490093155,2
Johana,0.3617689304351449,2
Franco,0.3617334299242935,2
Rowest,0.36165016053223176,2
Camila,0.3616361018523861,2
CJ,0.3611070701153974,2
Prianka,0.36108366076663206,2
Zean,0.36097989690739607,2
Hung-Hei,0.36085723099938516,2
Rhea,0.36022249549972235,2
Ry,0.360030382301418,2
Arthur,0.3599406241145381,2
Bri,0.35992513128015413,2
Minaz,0.35992513128015413,2
Ilonachka,0.35979209968844617,2
Danica,0.35973196510867983,2
Salvatore,0.35971089524644007,2
Cory,0.3596178888172923,2
Dev,0.35955896678874183,2
Antonia,0.35953436212958473,2
Maisha,0.35935834216080437,2
Mikhail,0.3592763306733689,2
Liang,0.3592490908182571,2
Malcolm,0.3591791504589118,2
Abigail,0.35915994156610254,2
Brindy,0.3591277663150652,2
Shauna,0.359053896232635,2
Shasha,0.35896111172531975,2
Lizzy,0.3587972839097772,2
Eman,0.3585787708739302,2
Fred,0.35848364251663134,2
Shelby,0.35840074859906745,2
Rhonda,0.3584000892140653,2
Sharron,0.3583369661404001,2
Caitlyn,0.35799536890956174,2
Sandeep,0.35791010333569934,2
Harshada,0.35746468087490585,2
India,0.3571475308944489,2
Tasha,0.3571190970127443,2
Koi,0.3570473657013621,2
Dale,0.35696364862426677,2
Archie,0.3567711156517482,2
Karo,0.356705488466349,2
Sally,0.356705488466349,2
Corina,0.35658625552484796,2
Havana Grill,0.3564996795765104,2
Nicola,0.3560707110525843,2
Mei,0.35581679957540846,2
Ari,0.355775907032994,2
Brynn,0.35567688424131905,2
Seth,0.3555219374230973,2
LE,0.3554838295383427,2
Kent,0.3554838295383427,2
Nette,0.355284196998346,2
Phong,0.35518256453095326,2
Srey,0.3550684895779894,2
Jenny C,0.35504721294183916,2
TaNesha,0.35487587198320425,2
Jeanette,0.35485861481533326,2
The Pint,0.35483821055555664,2
Tracie,0.3548191552203759,2
Marv,0.3547681347226329,2
Fong,0.35475235078952794,2
Gloria,0.3546040366979844,2
Changyon,0.35449409683886185,2
Caitie,0.3543634079366193,2
Rashaeda,0.3543540219714916,2
Christie,0.35427816160456516,2
Boris,0.3542624991272555,2
Alla,0.3541916763664719,2
Amrita,0.3539828808258304,2
Chloe,0.35396943941520226,2
LB,0.3537699954527833,2
Melissa Sharee,0.35369163964453404,2
Lyna,0.3535707441495606,2
Zhi,0.35356637373178035,2
Yamit,0.35347643586658073,2
Gerald,0.35336945661918967,2
Kendall,0.3533204413189528,2
Tash,0.35305824104523414,2
Danbee,0.35294930936459373,2
Gwen,0.35294930936459373,2
Lynnette,0.3526803580815702,2
Alizen,0.35257326713004616,2
Tifany,0.3525603497608334,2
Pax,0.352409942775701,2
Emmanuel,0.3523130172901716,2
Corey,0.352292959419663,2
Jackson's Bar & Grill,0.3522916570603801,2
Alia,0.3522343595815738,2
Greyson,0.3520863952454067,2
Kolton,0.35206581632129297,2
Tramy,0.3520304645204469,2
Lameka,0.3520166404012358,2
Jeanine,0.3520032167316092,2
Leanna,0.3517803936507718,2
Carey,0.35173058878403335,2
Angelie,0.35158722747929744,2
ciria,0.35140004268081027,2
Samy,0.3513905833796873,2
Ash,0.3513335298519355,2
Ziyan,0.351301973853431,2
Long,0.3511295592472869,2
Katty,0.3510616535163002,2
Trinity,0.35101018536522993,2
Katelin,0.3508548462437825,2
Colby,0.35080086390815624,2
Piper,0.35070477531914745,2
My,0.35064037619444977,2
Dilys,0.35062587621112584,2
June,0.3505903667062475,2
Catalina,0.35055670347759016,2
Rubi,0.3505487169188819,2
Anitra,0.3504897108559084,2
Norma,0.3503449393375947,2
Frank,0.3503439990145803,2
Leher,0.35032169147938985,2
Geselle,0.3502917299776079,2
Pu,0.35027734663217397,2
Ara,0.3502508066427237,2
Catharina,0.3502508066427237,2
Tien,0.3502508066427237,2
Shin,0.3502349001409243,2
VickiE,0.3502242856985507,2
Andrei,0.3499860746432824,2
Kase,0.34996583084272725,2
Audra,0.3498420567088286,2
Lillian,0.34979006026418924,2
Bernice,0.34965856339200563,2
Randall,0.3496201591557222,2
Meri,0.3495653757073541,2
Nicole Winett,0.34952017022676546,2
Rena,0.3494035227846898,2
Anastasia,0.3493916607960354,2
Bar Boulevard,0.3493654463205485,2
Griff's,0.3492507007497393,2
Pili,0.34915250652551655,2
Bobby,0.3491246846697849,2
Billy,0.34904877542027357,2
Fang Ting,0.3489853279116306,2
Nil,0.34879817808523694,2
Myhan,0.3487331204726843,2
Cianni,0.34867063302736195,2
Macarena,0.3486072902509679,2
Andreina,0.348373764932874,2
Arpan,0.34836492181688167,2
Denaire,0.3483443112803997,2
Raiyan,0.3483191013460395,2
Song,0.3483122141904964,2
Shabnam,0.3482625654789091,2
Bre,0.34819961533287547,2
Val,0.3481387744653417,2
Taniel,0.34810153645531017,2
Abul,0.34804083689562976,2
Timmy,0.34801983421868776,2
Emie,0.34798269608510546,2
Cristi,0.34787805420166457,2
Minji,0.3478254430552831,2
Ramon,0.3478254430552831,2
Coy,0.3477872769528594,2
Antonio,0.34767627900432546,2
Farrah,0.34760036239388253,2
Hugh,0.34708658442101076,2
Clarissa,0.3470827917047928,2
Cathy Sue,0.34685831082027296,2
Miyeon,0.3467209692933718,2
Mecca,0.34671333768181806,2
Abbie,0.34659874322682,2
Corinna,0.34651551695377963,2
Sandbar,0.3464639785618901,2
Gen,0.3462803712206341,2
Mitzi,0.34623058924715855,2
Athena,0.34613079450035855,2
Stefanie,0.3460730156277581,2
Jamielyn,0.3460691742140673,2
Darren,0.3460100369003361,2
Khadijah,0.3459038118260637,2
Isha,0.34589802594691815,2
Elsa,0.34565908604499473,2
Manny,0.34557096025840933,2
Louisa,0.34556584375092875,2
Malini,0.3455438475746342,2
Jody,0.34540077047077233,2
Brenda,0.3452147438459648,2
Jovi,0.34512870578558785,2
Darius,0.3450545384250259,2
Ritodhi,0.34504861315605834,2
Cliff,0.34504636426283475,2
Kayli,0.34499060104899265,2
Hanabi Sushi and Rolls,0.3448660638223394,2
Alayshia,0.3447544599747192,2
Dominic,0.3445949794413859,2
Shawn,0.3445755978623981,2
Chanson,0.3444905051110494,2
Leilani,0.3444366449106972,2
Kazuki Sushi,0.34437966176584023,2
Gracy,0.3443355396684314,2
Nguyen,0.3442838320427716,2
Jayson,0.34421942640269404,2
Marcella,0.34401121929265305,2
Sonja,0.3438054395337383,2
Quyen,0.34363695430332003,2
McCall's Heartland Grill,0.3435821336479149,2
Shaina,0.34343393518884324,2
Leo,0.34314655357881324,2
The Market,0.3430459022701634,2
The Urban Lounge Las Vegas,0.34297518824394524,2
Mane,0.34266327414470155,2
Phyllis,0.34257638843651766,2
Khrystine,0.342371452606364,2
Akande,0.3423136768529916,2
Wing,0.34226371971174835,2
Fiona,0.3422070450824608,2
Anngi,0.3420048591714867,2
Pat,0.34195764747512164,2
Bonni,0.34177246384514276,2
Kerry,0.34159702573949124,2
Uriel,0.34143813532830153,2
Georganna,0.3414348356857605,2
Yvette,0.341334812810261,2
Vi,0.3411925546258434,2
Johnathan,0.34118993160317823,2
Zach,0.3411576468878972,2
Tori,0.3410891639987553,2
Bridget,0.34092188118326877,2
Kiyoshi,0.3407060731370576,2
Keilyn,0.34043297899028896,2
Kamika,0.34027475489219233,2
Dani,0.3402298852831106,2
Toby,0.3396686587289246,2
Margret,0.3396555191147384,2
Great American  Pub,0.3396356250736357,2
Melony,0.3396144679663832,2
PT's Pub,0.3393365181542811,1
Saralee,0.3389306432345844,2
Asha,0.33874694889839346,2
Rudy,0.3384262454398858,2
Kenya,0.3384069334791142,2
Laurent,0.3382452511127237,2
Kayla,0.3382067915132675,2
Steiner's Nevada Style Pub,0.33815493304027405,2
Maryann,0.33803543280305554,2
ColdPress Express,0.3379611041738265,2
Steffie,0.3378762214203389,2
Beth,0.33776801426424435,2
Terese,0.33772948080845333,2
Arturo,0.3374250104743004,1
Gerri,0.33742126868852945,2
Carina,0.3373990251420878,2
Brianna,0.3373181717986732,2
Jovan,0.3372648030396194,2
Max,0.33703093796253936,2
The Lodge Tenaya,0.3367984811268563,2
The Original Pancake House,0.336774476294729,2
Meredith,0.33664051139195306,2
Little Crown & Anchor Pub,0.33655075374113463,2
Nhung,0.33641911234941546,2
Zam,0.33637189000384327,2
Deepak,0.33625630350542995,2
Danette,0.3361582933009847,2
Prescott,0.33612053230705324,2
Leidys,0.3358126035930148,2
Han,0.33551899742454866,2
Annamarie,0.3353540398662157,2
Malia,0.33517825979714433,2
Rheanne,0.33420243097181934,2
Raviana,0.33419433225629874,2
Susanne,0.3338002517298125,2
Bao,0.3337714474321053,2
Mallory,0.33371072140348174,2
Genevieve,0.3333728434613888,2
Brooklyn,0.3331599180221801,2
Gavriel,0.33290368621268734,2
Tammara,0.33286704334603,2
Guneet,0.33272768140060943,2
Yanni,0.33261105499727145,2
Leila,0.33225332776955974,2
Al's Garage,0.3322439035873859,2
Collin,0.33218369251405516,2
Tena,0.3319668675806205,1
Bruce,0.3314082055746739,2
Rafael,0.3314037599512801,2
Ana Maria,0.33135507337096665,2
Prisilla,0.33111093038134254,2
Nando,0.3309961281693649,2
Lyra,0.33092816302362393,2
The Steakhouse at Treasures,0.33082600624403324,1
Rounders,0.33052762212356646,2
Will,0.33038598041153733,2
Steiner's,0.3300293206854682,2
Brien,0.3298681453516664,2
Carter,0.32901050541517857,2
Nazar,0.32855181045365517,2
Three Angry Wives,0.3282176910715227,1
Emilee,0.3281358683679496,2
Cin,0.32801358267535397,2
Rocio,0.32741773748973935,1
Rachie,0.3259245510316508,2
LV bar,0.3253234038821076,2
Kacy,0.32529933691721663,2
Sip N' Savor,0.32524575660387245,2
Juice 'N' Go,0.3249263289584222,2
DeShawn,0.3246920174459561,2
The Bar @ Tropicana & Durango,0.3244478245801904,2
Claudia,0.3241556047763779,2
Dwayne,0.32404999448954686,2
Wine Cellar & Tasting Room,0.32341940313648265,2
Rhondi,0.323358044255406,2
Sharmaine,0.32236578282550593,2
Annika,0.3220428245748391,2
Al-Hayat Hookah Lounge,0.32164318223255006,1
Zarina,0.3213890124275094,2
Restaurant Guy Savoy,0.3213512785965322,2
Gillynn,0.32072315047044536,2
The Bar @Trails Village,0.3192351550142061,2
Blaqcat Ultra Hookah Lounge,0.31804127587174885,2
Pie,0.3089563671771233,1
Norman,0.3089563671771233,1
Raymond,0.3089563671771233,1
Naqvi,0.3089563671771233,1
Sang Hun,0.3056212285492362,1
Irina,0.3056212285492362,1
Villa Pizza Durango,0.3021444213166173,1
Israel,0.30207509321034265,1
Avishek,0.29983318469048587,1
Nic,0.2993069177728847,1
Jazlyn,0.2993069177728847,1
Derrick,0.2993069177728847,1
Janel,0.29822624892276195,1
Barcelona Tapas Restaurant,0.29779635561575146,1
Tess,0.2955417117228536,1
Jackpot Joanie's,0.29464384009324207,1
Centerfolds Cabaret LV,0.29338671405565886,1
Island Bar & Grill,0.29338671405565886,1
Janna,0.292859129466459,1
Shaun,0.292859129466459,1
Antho,0.29259936467450165,1
Anu,0.2921645962278585,1
Noelani,0.2921645962278585,1
Tommy Rocker's Mojave Beach Bar & Grill,0.29211114163113855,1
Anissa,0.29088651707016555,1
Yen,0.2906432229566423,1
Gem,0.2902311264136591,1
The Lodge at Grand Teton,0.2889570072852215,1
Karmen,0.2862531042890204,1
Jem,0.2862531042890204,1
Asya,0.2862531042890204,1
Zahra,0.2862531042890204,1
Trung,0.2861132877880744,1
Jumbo Super Buffet,0.2848071724764406,1
Aarti,0.28345935405881434,1
Margs,0.28303843987285754,1
Cher,0.28233670274944206,1
Loree,0.28117674924942937,1
Sharareh,0.28117674924942937,1
Felix,0.28117674924942937,1
Dimple,0.2811496847311618,1
Ademola,0.2811496847311618,1
Nyla,0.2811496847311618,1
Koolsee,0.27938111302737123,1
Tayler,0.27527115461942403,1
Joan,0.2751962006329414,1
Nita,0.2749652291242142,1
Nana,0.2738072645164916,1
Wei,0.2738072645164916,1
Brig,0.27337537244025245,1
DJ,0.27313432386647307,1
Deva,0.27313432386647307,1
Sujeesha,0.27287081317102097,1
Pash Lee,0.2725780240684516,1
sarah,0.2718976538435517,1
Sammi,0.2718976538435517,1
Treena,0.27152441976427294,1
Camilla,0.27152441976427294,1
Kersten,0.27152441976427294,1
Ernest,0.2708003418154688,1
Darcel,0.2708003418154688,1
Millie,0.2708003418154688,1
Franki,0.2708003418154688,1
Jessi Lynne,0.2708003418154688,1
PT's Brewing,0.2707518112125074,1
Dean,0.2707314347008,1
Chamango,0.2699856808876783,1
Kermeka,0.26993918721544824,1
Niko,0.2696581613502069,1
Wilson,0.2696581613502069,1
Caryn,0.2696581613502069,1
Lara,0.26860752744044303,1
Polo,0.2684686559699889,1
Trish,0.2684686559699889,1
YasikNara,0.26829055533862334,1
Estela,0.26791091864213123,1
Tristina,0.26791091864213123,1
Jazzmine,0.26791091864213123,1
Serena,0.26791091864213123,1
Denna,0.2677426408684942,1
Malisa,0.2672378844940686,1
Raakesh,0.2672378844940686,1
Dennise,0.2672378844940686,1
Viji,0.2672378844940686,1
Merlin,0.2672378844940686,1
Krissm,0.2672378844940686,1
aaron,0.2672378844940686,1
Sukh,0.2672378844940686,1
Susy,0.26720302432221765,1
Rum Runner,0.2669388360756949,1
Yuribel,0.2668095760250252,1
Willow,0.2668095760250252,1
Hemesh,0.2668095760250252,1
Jedrik,0.2668095760250252,1
Mya,0.2668095760250252,1
Jolene,0.2668095760250252,1
Lyndsay,0.2668095760250252,1
Yasaman,0.2668095760250252,1
Ahmed,0.2666910393967157,1
Janrai,0.2658690305398879,1
TaraMarie,0.2658690305398879,1
Belle,0.2658690305398879,1
Rey,0.2658690305398879,1
Chel,0.2658690305398879,1
Chloé,0.26567206483427713,1
Mitch,0.26567206483427713,1
Leoshay,0.26567206483427713,1
Rohit,0.26567206483427713,1
Shubhi,0.26567206483427713,1
Bret,0.26509076542491233,1
Jieun,0.26509076542491233,1
Trecia,0.2649028027621487,1
Mat,0.2648779875939897,1
Jacky K,0.2648618972847833,1
Malila,0.2647992866107764,1
Tonja,0.2647992866107764,1
Soomi,0.26460088854353014,1
Choua,0.2645214739712297,1
Tiff,0.2645214739712297,1
Jocey,0.2645214739712297,1
Meleaha,0.2644471817839388,1
Sergio,0.26317414011587853,1
Koko,0.26317414011587853,1
Benita,0.26317414011587853,1
Chelsey,0.26317414011587853,1
Denyse,0.26317414011587853,1
Sol,0.26317414011587853,1
Ji,0.26317414011587853,1
Olga,0.26317414011587853,1
Jeanne,0.26317414011587853,1
Adwoa,0.26317414011587853,1
Brandy,0.2629866845268278,1
Jackpot Bar & Grill,0.26276475952767614,1
Cariba Charlie's,0.26276475952767614,1
Danilo,0.26271564152133126,1
Martin,0.2626139160485554,1
Imani,0.2626139160485554,1
Golnaz,0.2624810491253759,1
Mollie,0.2624810491253759,1
Jonique,0.2623588579666795,1
Avegail,0.2621833944262373,1
Suns Beef Jerky Pecos,0.26205632252068267,1
Thuong,0.2618427404417284,1
Hutch,0.2618427404417284,1
Henrietta,0.2614687802748418,1
Mansi,0.2614687802748418,1
Koel,0.2614687802748418,1
Hev,0.2614687802748418,1
JMarie,0.2614687802748418,1
Kendell,0.2614687802748418,1
Elvira,0.2614687802748418,1
Nacim,0.2614687802748418,1
Juliet,0.2614687802748418,1
Tatyana,0.2614687802748418,1
Adel,0.2614687802748418,1
Damian,0.2614687802748418,1
Graham,0.2614687802748418,1
Iveth,0.2614687802748418,1
Elon,0.26130842487389255,1
Genie,0.26130842487389255,1
Lam,0.26130842487389255,1
RACHEL,0.26130842487389255,1
Peggy,0.26130842487389255,1
richard,0.26130842487389255,1
Leynna,0.2605681691180168,1
Landon,0.2603625004500334,1
Roman,0.2603625004500334,1
SuzAnne,0.2603625004500334,1
Rocky,0.2603625004500334,1
Liv,0.26035235567923776,1
JC Cuisine,0.2602035249402096,1
Tri,0.2599041261507731,1
Eugenie,0.2599041261507731,1
Amye,0.2599041261507731,1
Cece,0.2599041261507731,1
Robby,0.2599041261507731,1
Irwan,0.2599041261507731,1
Mariscos El Dorado,0.2598409636281276,1
Rusty,0.259773273480521,1
Hilde,0.2597107665663109,1
Phuong,0.2596041421372758,1
Yi,0.25957266100077664,1
Hayley,0.25957266100077664,1
Michaela,0.2589127901108834,1
Emil,0.2589127901108834,1
Abhishek,0.2586447547128004,1
Saviz,0.2586447547128004,1
Hibachi Grill & Supreme Buffet,0.2585518013024255,1
Los Tapatios Tacos,0.2582602389556665,1
Santa Fe Mining Company,0.2582602389556665,1
Don Michael's,0.258102675037611,1
Timbers Rancho,0.258102675037611,1
Chalita,0.2578567415329381,1
Shandelle,0.2578567415329381,1
Thommy,0.2578567415329381,1
Mallorie,0.2578381108041867,1
Ayla,0.2575167985675557,1
Spencer,0.2575167985675557,1
Anais,0.2575167985675557,1
Kendra,0.2575167985675557,1
Katelynn,0.2574475208046875,1
Vlad,0.25698446880257403,1
Ilona,0.25698446880257403,1
Jacque,0.25689084763701703,1
Ligia,0.25671520154631394,1
Ben Carlos,0.2567086958117417,1
Edward,0.2567086958117417,1
Janan,0.2567086958117417,1
Hen,0.25655295926937216,1
Pratishruti,0.25645796415745864,1
Arely,0.25636617967230035,1
Shivani,0.25636617967230035,1
Danyale,0.25636617967230035,1
Deya,0.25636617967230035,1
Carlee,0.25636617967230035,1
Deena,0.25636617967230035,1
Mabelle,0.2561531898162954,1
Scarlett,0.25610038315687045,1
Amelia,0.25610038315687045,1
Garett,0.2558304913755022,1
Irvin,0.2558304913755022,1
Celeste,0.2558304913755022,1
Erix,0.2558304913755022,1
Haylee,0.2558304913755022,1
Rohan,0.2557197607016473,1
Kristie,0.2557197607016473,1
Julia,0.2557197607016473,1
Stanley,0.2557197607016473,1
Anh,0.2557197607016473,1
Trin,0.2557197607016473,1
Yuan,0.2557197607016473,1
Mindi,0.2557197607016473,1
Arielle,0.2557197607016473,1
Anne Michelle,0.2557197607016473,1
Kwiri,0.2557197607016473,1
Alina,0.2557197607016473,1
Bekah,0.2557197607016473,1
Xiao,0.2557197607016473,1
Jeremiah,0.2557197607016473,1
Sumaiya,0.2557197607016473,1
Jerice,0.2557197607016473,1
Eugi,0.2557197607016473,1
Hart,0.2557197607016473,1
Catherina,0.2557197607016473,1
Minkkwan,0.2557197607016473,1
winnie,0.2557197607016473,1
Mia,0.2557197607016473,1
Stevo,0.2557197607016473,1
Sunny,0.2557197607016473,1
Sudipto,0.2557197607016473,1
Regine,0.2557197607016473,1
Yumou,0.2557197607016473,1
Soki,0.2557197607016473,1
Nhu,0.2557197607016473,1
Alena,0.2557197607016473,1
Charlene,0.2557197607016473,1
Mitchell,0.2557197607016473,1
Maddy,0.2557197607016473,1
Johnie,0.2557197607016473,1
Alvin,0.2557197607016473,1
Negin,0.2556587622172957,1
Torrie,0.2556587622172957,1
Jatin,0.2556587622172957,1
Eleanor,0.2556587622172957,1
Meilani,0.2556587622172957,1
Dora,0.2556587622172957,1
Hanh,0.2556587622172957,1
Yangyang,0.25560568441025966,1
Mengjia,0.25560568441025966,1
Jannie,0.25560568441025966,1
No,0.25560568441025966,1
Shana,0.25560568441025966,1
Nima,0.25560568441025966,1
Tan Lo,0.25560568441025966,1
Ernie,0.25547016409078993,1
Germaine B.,0.25547016409078993,1
Edwin,0.25547016409078993,1
Jenee,0.25547016409078993,1
Clinton,0.25547016409078993,1
JT,0.25544830789810163,1
Yonnie,0.25544830789810163,1
Teah,0.2553639000649847,1
Tanya,0.2553639000649847,1
Jonas,0.2553639000649847,1
Carmik,0.2553639000649847,1
Nataly,0.2553639000649847,1
Jacky,0.2553639000649847,1
Chirag,0.2553639000649847,1
Hoang,0.2553639000649847,1
Tsega,0.2553639000649847,1
Aowei,0.2553639000649847,1
Gaby,0.2553639000649847,1
Cosmo,0.2553639000649847,1
Ako,0.2553639000649847,1
Ruthie,0.2553639000649847,1
Katarina,0.2553639000649847,1
Cay,0.2553639000649847,1
Nazmul,0.2553639000649847,1
Jailen,0.25501822837797955,1
Jes,0.25501822837797955,1
Carson,0.25501822837797955,1
Denielle,0.25501822837797955,1
Tari,0.25501822837797955,1
Diedre,0.25501822837797955,1
Norbert,0.25501822837797955,1
Courtny,0.25501822837797955,1
Karlos,0.25501822837797955,1
Alissa,0.25501822837797955,1
Chue,0.25501822837797955,1
Choompoonoot,0.25492239573655856,1
Marsha,0.25492239573655856,1
Edbert,0.25492239573655856,1
Patrina,0.25492239573655856,1
Bree,0.25441351271154733,1
Aston,0.2543401137828249,1
Gia,0.2543401137828249,1
Brittney,0.25420537057850684,1
Geri,0.25420537057850684,1
MarVy,0.25420537057850684,1
Marshal,0.25420537057850684,1
Kierstin,0.25420537057850684,1
Dhara,0.25420537057850684,1
Nikita,0.25420537057850684,1
Hali,0.25420537057850684,1
Maxine,0.25420537057850684,1
Risto,0.25420537057850684,1
Adam B.,0.25420537057850684,1
Silvie,0.25420537057850684,1
Anju,0.25420537057850684,1
Brannin,0.25420537057850684,1
Nayiri,0.25420537057850684,1
Anabelle,0.2541088570944506,1
Hollei,0.2541088570944506,1
Eishlee,0.2541088570944506,1
Ezequiel,0.2541088570944506,1
Amayi,0.2541088570944506,1
Mulligan's Pub,0.2540578810719258,1
Sheryllyn,0.2540122044070325,1
Flo,0.2540122044070325,1
Gail,0.2540122044070325,1
Saba,0.2540122044070325,1
May..Lene,0.2540122044070325,1
Luciana,0.2540122044070325,1
Doreen,0.2540122044070325,1
Suhani,0.253788055404963,1
Taiyyab,0.253788055404963,1
Dina,0.253788055404963,1
Andre,0.253788055404963,1
Anand,0.253788055404963,1
Christiaan,0.253788055404963,1
Darylynn,0.253788055404963,1
Lina,0.253788055404963,1
Stephen,0.253788055404963,1
Daisy,0.253788055404963,1
Meaghan,0.253788055404963,1
Biru,0.253788055404963,1
Catheryn,0.253788055404963,1
Ameera,0.253788055404963,1
Ernesto,0.25378769180806643,1
Vida,0.2536227787627372,1
Charlyn,0.25350026622089417,1
Trisha,0.25350026622089417,1
Averymaxine,0.25333413553098755,1
Nazaneen,0.25333413553098755,1
Yenny,0.25333413553098755,1
Erik,0.25333413553098755,1
Susie,0.25333413553098755,1
Chantelle,0.25327612342392203,1
Maitina,0.25327612342392203,1
Geno,0.25327612342392203,1
Jorge,0.25327612342392203,1
Daira,0.25327612342392203,1
Duane,0.25327612342392203,1
Romeo,0.25326416367620436,1
Kristian,0.25326416367620436,1
Ricky,0.25326416367620436,1
Claudine,0.25325931029639903,1
Carolina,0.25325931029639903,1
Rola,0.25325931029639903,1
Eugene,0.25325931029639903,1
Déjà,0.25325931029639903,1
Kovia,0.2532019528527258,1
Randeep,0.2530104343388978,1
Marah,0.2530104343388978,1
kyle,0.2530104343388978,1
Traci,0.25284808829268823,1
Ranae,0.25284808829268823,1
LavAzza,0.2528133140685323,1
Treasures Gentlemen's Club & Steakhouse,0.2527284956996012,1
Omi,0.2526786760401115,1
Abbey,0.2526786760401115,1
Hung Yu,0.25256935441770095,1
Silvia,0.25256935441770095,1
Neluta,0.25250647476489796,1
Blizz Frozen Yogurt - Bally's Hotel & Casino,0.25243954272355934,1
Chenda,0.2524180056617128,1
Sephora,0.2524180056617128,1
Tu Anh,0.2523276125709751,1
Yukta,0.2523276125709751,1
Lexxi,0.2522690939290856,1
LaNoya,0.2522690939290856,1
Katia,0.2522690939290856,1
Jin's Kitchen and Club,0.25226743921685996,1
Mal,0.252014409252804,1
Jayme,0.252014409252804,1
Nataliya,0.2516776205966468,1
Mermaid Restaurant & Lounge,0.2516566769340582,1
Casandra,0.2515997485592822,1
Roni,0.2515997485592822,1
German,0.2515997485592822,1
Dawnielle,0.2515997485592822,1
Kirke,0.2515997485592822,1
Keshante,0.2515997485592822,1
Mathew,0.2515997485592822,1
Houman,0.2515997485592822,1
Sheena,0.2515997485592822,1
Shann,0.2515997485592822,1
Toan,0.2515997485592822,1
Angelina,0.2515997485592822,1
Deedee,0.25156802714686854,1
DJuan,0.25156802714686854,1
Chuq,0.25156802714686854,1
Wes,0.25156802714686854,1
Geneva,0.25156802714686854,1
Jewel,0.2515134126024846,1
Hai,0.25121938093002655,1
Dee-Ana,0.25121938093002655,1
Donovan,0.25121938093002655,1
Raumak,0.2510907774070871,1
Jevon,0.2510907774070871,1
Wasil,0.2510907774070871,1
Priyanka,0.2510907774070871,1
Vinny,0.2510907774070871,1
Nadia,0.2510907774070871,1
Meagan,0.2510907774070871,1
Janelle,0.25101982417552027,1
Marley,0.250933657301511,1
Jozlyn,0.2509250272129764,1
Motor City Cafe,0.2509044298333123,1
Sushi Bar Sage,0.25080661247917974,1
LUV Lounge,0.2507856693502996,1
Beata,0.2507807557144367,1
Jesse,0.2506533026423027,1
Yuya,0.2506533026423027,1
Darla,0.25051068515638425,1
Gabrielle,0.25051068515638425,1
Danan,0.25051068515638425,1
Wendy Lee,0.25051068515638425,1
Zermin,0.25043232934813486,1
Chrislynn,0.25043232934813486,1
Kailin,0.25043232934813486,1
Laurence,0.25043232934813486,1
Alyx,0.25043232934813486,1
Estefany,0.25043232934813486,1
Shalise,0.25043232934813486,1
Trica,0.25043232934813486,1
Cris,0.25043232934813486,1
Hilary,0.25043232934813486,1
Rolo,0.25043232934813486,1
Kiki,0.25039866611947753,1
Christelle,0.25039866611947753,1
Hang,0.25039866611947753,1
Nicholas,0.25039866611947753,1
Ameenah,0.25039866611947753,1
Truong,0.25039866611947753,1
Gemini,0.25039866611947753,1
Sakellarios,0.25024511423669016,1
Soojin,0.2501580373581126,1
Luciano,0.2501580373581126,1
Christal,0.2501580373581126,1
Maile,0.2501580373581126,1
Aishah,0.2501580373581126,1
Park,0.2501580373581126,1
Fredric,0.2501580373581126,1
Howard,0.2501580373581126,1
Pritesh,0.2501580373581126,1
Jessamine,0.2501580373581126,1
Francesca,0.2501580373581126,1
Allicia,0.2501525291969768,1
Ashlie,0.2501525291969768,1
Debrah,0.25010589666912475,1
Javier,0.24998630578796516,1
Nelli,0.24998630578796516,1
Bam,0.24998630578796516,1
Nijole,0.24998630578796516,1
Guy,0.24983382222176354,1
Phung,0.24983382222176354,1
Elena,0.24983382222176354,1
Kourtney,0.2498256195790732,1
Leese,0.2498256195790732,1
Yenni,0.249806769095667,1
Russell,0.249806769095667,1
Robelle,0.2497640688366955,1
Dimartin,0.2497640688366955,1
Letitia,0.2497640688366955,1
Rosanna,0.2497640688366955,1
Vickie,0.2497640688366955,1
Sheshanna,0.2497640688366955,1
Emely,0.2497640688366955,1
Chariya,0.2497640688366955,1
Candace,0.2497640688366955,1
Meimei,0.2497640688366955,1
Chong,0.2497640688366955,1
Lin,0.2497640688366955,1
Aspen,0.2497640688366955,1
Izzy,0.2497640688366955,1
Shymone,0.2497640688366955,1
Hemang,0.2497640688366955,1
Jonelle,0.2497640688366955,1
Zuleika,0.24972421498454003,1
Kimberley,0.24968838046161773,1
Apple,0.24968838046161773,1
Rini,0.24968838046161773,1
Rian,0.24968838046161773,1
Lorrie Ann,0.24968838046161773,1
Yon,0.24968838046161773,1
Minky,0.24958333432898336,1
Asuka,0.24940972736069364,1
Les,0.24940972736069364,1
Rosie,0.24940972736069364,1
Clint,0.24938845072454321,1
Evelyn,0.24938845072454321,1
Jennie,0.24938845072454321,1
Celine,0.24938845072454321,1
Sunaina,0.24938845072454321,1
Hermione,0.24938845072454321,1
Junia,0.24932705224625987,1
Rich,0.2493222083915732,1
Shelene,0.24930860468555419,1
Desmond,0.24930860468555419,1
Candi,0.24930860468555419,1
Cecile,0.24930860468555419,1
Troy,0.24923913159905856,1
Majid,0.24923913159905856,1
Salvador,0.24923913159905856,1
Buck,0.24923913159905856,1
Klemens,0.24904811485346826,1
Thuy,0.24904811485346826,1
Velinda,0.24904811485346826,1
Maz,0.24904811485346826,1
Delisa,0.24904811485346826,1
Winchelle,0.24904811485346826,1
Vijeta,0.24904811485346826,1
Philippe,0.24904811485346826,1
Sulema,0.24899446916740403,1
Soo,0.2486412878668409,1
Shellie,0.2486412878668409,1
Lasata,0.24854814535380093,1
Jennette,0.24854814535380093,1
Noah,0.24854814535380093,1
Jeewon,0.24854814535380093,1
Beverly,0.24854814535380093,1
Brookelynn,0.24854814535380093,1
Karey,0.24854814535380093,1
Tommaso,0.24854814535380093,1
Kaori,0.24854814535380093,1
Rozalynn,0.24851051790461268,1
Arlene,0.24833445435320675,1
Karyn,0.24821627042389685,1
Kaila,0.24821627042389685,1
Haif,0.24821627042389685,1
Ticha,0.24820457219719408,1
Yaran,0.24820457219719408,1
Souphan,0.2481176959079681,1
Stake Out Bar & Grill,0.24802174680577782,1
Margaret,0.2479119819322647,1
J.,0.24786044574278615,1
Trinadh,0.24786044574278615,1
Marlena,0.24786044574278615,1
Kev,0.24786044574278615,1
Phoebe,0.24786044574278615,1
"Vince Neil's Tatuado | Eat, Drink, Party",0.2477051286107101,1
Sakina,0.24769434098024953,1
Wern,0.24769434098024953,1
Herb,0.24769434098024953,1
Love,0.24769434098024953,1
Prada,0.24764906671613277,1
Maruf,0.24761489192415767,1
Joline,0.24761489192415767,1
Darcy,0.24761489192415767,1
Jillian,0.24761489192415767,1
Sheryll,0.24761489192415767,1
Christene,0.24761489192415767,1
Son,0.24757502307226503,1
cody,0.24757502307226503,1
Roll,0.24757502307226503,1
Da,0.24754547444697259,1
Bounty Hunters,0.24748709288850226,1
Oliva Minimart & Cafeteria,0.24748709288850226,1
Virginia,0.24741236460781768,1
Lois,0.24741236460781768,1
Aubreylin,0.2469984120232564,1
Arien,0.2469984120232564,1
Tracey,0.2469984120232564,1
Jo-an,0.24687951546005454,1
Waffles Cafe,0.24670636467095824,1
Kelley,0.2464351938912446,1
Kimyatta,0.2464351938912446,1
Lynda,0.246139568759088,1
Jonah,0.246139568759088,1
Baltazar,0.246139568759088,1
Vannessa,0.246139568759088,1
Cordero,0.246139568759088,1
Nozomi Sushi,0.2461281323907036,1
Jamila,0.2461021905574903,1
Shari,0.24599195698725057,1
Trudy,0.24599195698725057,1
Carsyn,0.24599195698725057,1
Wen,0.24579880379060284,1
Eldine,0.24579880379060284,1
Yoomie,0.2457318211623917,1
Nishi,0.2457318211623917,1
Diego,0.2457318211623917,1
Joe's Bar,0.2456760874205102,1
Shashi,0.24547148247792885,1
Chebet,0.24547148247792885,1
JX,0.24547148247792885,1
Ruby,0.24547148247792885,1
Kerensa,0.24547148247792885,1
Solongo,0.24547148247792885,1
Carmen,0.24547148247792885,1
Bhavisha,0.24547148247792885,1
Christiana,0.24547148247792885,1
Desa,0.24547148247792885,1
Supriya,0.24547148247792885,1
Nettifer,0.24547148247792885,1
Marvin,0.24547148247792885,1
Skyler,0.24547148247792885,1
Busayo,0.2454500035292577,1
Jennae,0.2454500035292577,1
Heiko,0.24539131837765726,1
Maynard,0.24539131837765726,1
Casa Mariscos,0.24518142849984073,1
Tada,0.24508110320650903,1
james,0.24508110320650903,1
Fiiz Drinks Las Vegas,0.24500705518620533,1
Telena,0.24496149651236016,1
Kiersten,0.24496149651236016,1
Ricamae,0.24496149651236016,1
jina,0.24492449819484674,1
Lorrie,0.24492449819484674,1
Fireside Restaurant & Tavern,0.24490792846831483,1
Nicky,0.2446019307777426,1
Taryn,0.2446019307777426,1
Sebastian,0.2446019307777426,1
Luci,0.2446019307777426,1
Tam,0.2446019307777426,1
Remelyn,0.2446019307777426,1
Carren,0.2446019307777426,1
Cee,0.2446019307777426,1
Ammara,0.24432149842961284,1
Ryn,0.24418559971357984,1
Glory,0.2441073300901723,1
Jessy,0.24407296630963454,1
Garbiel,0.24406358421355911,1
Shawna,0.24406358421355911,1
Lianne,0.24399980117470996,1
Jeana,0.24399980117470996,1
Berj,0.24397981995466517,1
Las Micheladas Bar and Grill,0.2439595376531255,1
The Green Regime,0.2439595376531255,1
Wendi,0.2437090195347346,1
Mara,0.2437090195347346,1
Peyton,0.24365064851535495,1
Deana,0.24365064851535495,1
Stonehouse Bar & Grill,0.24364527314583473,1
Anuj,0.2435159334149659,1
Tianne,0.2433472955486783,1
Kaisha,0.2432587089210885,1
Pooja,0.24312657764213236,1
Johanna,0.24307485871787532,1
Maling,0.24307485871787532,1
Louis,0.24307485871787532,1
Ward,0.24307485871787532,1
Bryce,0.24307485871787532,1
Tu-Quyen,0.24307485871787532,1
Donte,0.24300160584070832,1
Vin,0.24300160584070832,1
Judi,0.24300160584070832,1
Edison,0.24300160584070832,1
Micah,0.24300160584070832,1
Gustavo,0.24300160584070832,1
Lourdes,0.24300160584070832,1
Harry,0.24300160584070832,1
Danna,0.24300160584070832,1
Cue-D's Poolhall & Bar,0.24299475237478194,1
Van,0.24285017416104016,1
Manali,0.242819337910787,1
Lucas,0.2428109977523064,1
Hillari,0.2428109977523064,1
Kashmir,0.2428109977523064,1
Bjs Cocktail Lounge Decatur,0.24277374726581416,1
Losers Most Wanted Bar,0.24259388507761773,1
Raheel,0.24257667848779582,1
Zeela,0.24247985463122812,1
Giulia,0.24247985463122812,1
Narciso,0.24247985463122812,1
Karolina,0.24247985463122812,1
Shan,0.24247985463122812,1
Afshin,0.24245339773902838,1
Steffanie,0.2421903258084262,1
AJ,0.24215792778325665,1
andy,0.2421263383696738,1
Dawla,0.2421263383696738,1
Trisha Marie,0.2421263383696738,1
Khanh,0.24210568235363586,1
Hani,0.24210568235363586,1
Play It Again Sam,0.24207594300192184,1
Henry V,0.24205696980703473,1
Eugine,0.24205696980703473,1
Fat Bar,0.24188240067496003,1
Tone,0.24171447762507062,1
Savannah,0.24171447762507062,1
Mingyu,0.24171447762507062,1
Alyson Lei,0.24171447762507062,1
Alecs,0.24171447762507062,1
Nga,0.24167801557618646,1
Arabela,0.241674066491606,1
Dusten,0.241674066491606,1
Geralyn,0.241674066491606,1
Melrose,0.24153343045872558,1
Avner,0.2414278334166294,1
Poges,0.2413594517648834,1
Cara,0.2413594517648834,1
OMG Sushi,0.24133733169584443,1
Bing,0.24126716110775298,1
Liberty,0.24126716110775298,1
Sandra Lorena,0.24113650882656737,1
Moani,0.24113650882656737,1
Juju,0.2409008496625318,1
Enrique,0.24070911556277338,1
Chenzo,0.24051082854551123,1
jessy,0.24051082854551123,1
Shani,0.24051082854551123,1
Chanel,0.24051082854551123,1
Clover,0.24051082854551123,1
Cat,0.24051082854551123,1
Malorie,0.24048519193339613,1
Elisabeth,0.24022253981727185,1
Ally Marie,0.24022253981727185,1
Hollie,0.2402026297971094,1
Deanna,0.23977347313833167,1
Sushi House,0.23963473172433594,1
Whit,0.23950857129725858,1
Scooter's Pub,0.23924471840279304,1
Markus,0.23923004048594929,1
Hazzel,0.23923004048594929,1
Leana,0.23914643905627675,1
Rikki Tiki Sushi,0.2390508928459421,1
Hitchin Post Saloon & Steakhouse,0.2389598705796293,1
Jill-ann,0.23887521873973855,1
Rana,0.23887521873973855,1
Tea,0.23876218421975146,1
Trent,0.23876218421975146,1
Mango Tango Nightclub,0.23871934504176093,1
The Game,0.23871934504176093,1
Lizzie,0.2386074444009278,1
Gui,0.2386074444009278,1
Boulevard Bar & Grille,0.238599600320722,1
ATF Shisha/Hookah Lounge,0.238599600320722,1
El Toque Del Sabor,0.23856457182601426,1
Sean Patrick's Pub,0.23854457426091827,1
Paradise Cantina,0.23854457426091827,1
Dione,0.23826075622030238,1
Blue Ox Tavern,0.23824665978550022,1
Bomas Bar & Grill,0.2380356501033608,1
Ariona,0.2378609000847549,1
Frances,0.23773483746968987,1
Jovete,0.23773483746968987,1
Jerome,0.23773483746968987,1
Shey,0.23773483746968987,1
Mohib,0.23773483746968987,1
Owen,0.23773483746968987,1
Branda,0.23773483746968987,1
NoMad Bar,0.23771658818350908,1
Las Vegas Lounge,0.23771658818350908,1
Holo Holo,0.2374531592631418,1
Agua El Manantial,0.23739650117700611,1
Bryn,0.2372871086346303,1
Kirstyn,0.23701063408741832,1
Darlene,0.23701063408741832,1
Sridevi,0.23623788677347435,1
Janean,0.236105910749563,1
Marja,0.236105910749563,1
Forrest,0.236105910749563,1
Aurora,0.236105910749563,1
Yannis,0.23599134132923152,1
Kristene,0.23599134132923152,1
Urth Caffe,0.23590754385777088,1
Vera,0.23573529878415514,1
Tanaura,0.23573529878415514,1
Tisha,0.2352195190623308,1
Orange Julius / Dairy Queen,0.23474129139793903,1
The Lodge at Shelbourne,0.2347076888068631,1
Tae,0.23400000313147765,1
Kaylen,0.23343281420988002,1
Laurel,0.23319365456358093,1
Yao,0.23319365456358093,1
Loretta,0.23227077808372512,1
Shay,0.23148298096705602,1